USE GraveyardBurialManagement;
GO
-- ===== Mevcut veriyi temizle (APP_USER haric) =====
DELETE FROM MAINTENANCE_LOG;
DELETE FROM VISITOR_LOG;
DELETE FROM FUNERAL_SERVICE;
DELETE FROM RESERVATION;
DELETE FROM PAYMENT;
DELETE FROM DECEASED_PERSON;
DELETE FROM BURIAL_PERMIT;
DELETE FROM GRAVE_PLOT;
DELETE FROM EMPLOYEE;
DELETE FROM GRAVE_OWNER;
DELETE FROM MONUMENT_TYPE;
DELETE FROM CEMETERY_ZONE;
DELETE FROM PERSON;
GO
-- ===== CEMETERY_ZONE =====
INSERT INTO CEMETERY_ZONE (ZoneID,Name,ReligionType,TotalCapacity,CurrentOccupancy,GroundType) VALUES (N'Z001',N'Cennet Bahcesi',N'Islam',388,0,N'Mermer');
INSERT INTO CEMETERY_ZONE (ZoneID,Name,ReligionType,TotalCapacity,CurrentOccupancy,GroundType) VALUES (N'Z002',N'Huzur Vadisi',N'Islam',231,0,N'Cim');
INSERT INTO CEMETERY_ZONE (ZoneID,Name,ReligionType,TotalCapacity,CurrentOccupancy,GroundType) VALUES (N'Z003',N'Aziz Aile Bolgesi',N'Islam',341,0,N'Tas');
INSERT INTO CEMETERY_ZONE (ZoneID,Name,ReligionType,TotalCapacity,CurrentOccupancy,GroundType) VALUES (N'Z004',N'Sehit Bolgesi',N'Islam',262,0,N'Cim');
INSERT INTO CEMETERY_ZONE (ZoneID,Name,ReligionType,TotalCapacity,CurrentOccupancy,GroundType) VALUES (N'Z005',N'Yesil Vadi',N'Islam',246,0,N'Tas');
INSERT INTO CEMETERY_ZONE (ZoneID,Name,ReligionType,TotalCapacity,CurrentOccupancy,GroundType) VALUES (N'Z006',N'Anit Bolgesi',N'Islam',210,0,N'Toprak');
INSERT INTO CEMETERY_ZONE (ZoneID,Name,ReligionType,TotalCapacity,CurrentOccupancy,GroundType) VALUES (N'Z007',N'Eski Mezarlik',N'Islam',370,0,N'Tas');
INSERT INTO CEMETERY_ZONE (ZoneID,Name,ReligionType,TotalCapacity,CurrentOccupancy,GroundType) VALUES (N'Z008',N'Cocuk Bahcesi',N'Islam',264,0,N'Tas');
GO
-- ===== MONUMENT_TYPE =====
INSERT INTO MONUMENT_TYPE (MonumentCode,Material,Style,MaxHeight,BaseWidth,Color) VALUES (N'M001',N'Mermer',N'Anit',1.4,0.8,N'Siyah');
INSERT INTO MONUMENT_TYPE (MonumentCode,Material,Style,MaxHeight,BaseWidth,Color) VALUES (N'M002',N'Tas',N'Modern',2.6,1.1,N'Gri');
INSERT INTO MONUMENT_TYPE (MonumentCode,Material,Style,MaxHeight,BaseWidth,Color) VALUES (N'M003',N'Granit',N'Modern',2.1,1.3,N'Beyaz');
INSERT INTO MONUMENT_TYPE (MonumentCode,Material,Style,MaxHeight,BaseWidth,Color) VALUES (N'M004',N'Mermer',N'Modern',1.0,1.3,N'Siyah');
INSERT INTO MONUMENT_TYPE (MonumentCode,Material,Style,MaxHeight,BaseWidth,Color) VALUES (N'M005',N'Tas',N'Klasik',1.3,0.6,N'Krem');
INSERT INTO MONUMENT_TYPE (MonumentCode,Material,Style,MaxHeight,BaseWidth,Color) VALUES (N'M006',N'Mermer',N'Yildiz',1.1,1.0,N'Gri');
INSERT INTO MONUMENT_TYPE (MonumentCode,Material,Style,MaxHeight,BaseWidth,Color) VALUES (N'M007',N'Mermer',N'Sade',2.0,1.5,N'Beyaz');
INSERT INTO MONUMENT_TYPE (MonumentCode,Material,Style,MaxHeight,BaseWidth,Color) VALUES (N'M008',N'Tas',N'Sade',2.3,0.6,N'Krem');
INSERT INTO MONUMENT_TYPE (MonumentCode,Material,Style,MaxHeight,BaseWidth,Color) VALUES (N'M009',N'Bronz',N'Sade',2.4,1.0,N'Krem');
INSERT INTO MONUMENT_TYPE (MonumentCode,Material,Style,MaxHeight,BaseWidth,Color) VALUES (N'M010',N'Mermer',N'Klasik',1.6,0.7,N'Siyah');
GO
-- ===== PERSON =====
INSERT INTO PERSON (SSN,FirstName,LastName,DateOfBirth,Gender,MotherName,FatherName) VALUES (N'10000000001',N'Mehmet',N'Kurt','1950-04-05',N'Male',N'Meryem Kurt',N'Erhan Kurt');
INSERT INTO PERSON (SSN,FirstName,LastName,DateOfBirth,Gender,MotherName,FatherName) VALUES (N'10000000002',N'Serkan',N'Demir','1936-02-07',N'Male',N'Gulsum Demir',N'Tolga Demir');
INSERT INTO PERSON (SSN,FirstName,LastName,DateOfBirth,Gender,MotherName,FatherName) VALUES (N'10000000003',N'Ramazan',N'Ozer','1961-04-15',N'Male',N'Cemile Ozer',N'Ahmet Ozer');
INSERT INTO PERSON (SSN,FirstName,LastName,DateOfBirth,Gender,MotherName,FatherName) VALUES (N'10000000004',N'Serkan',N'Korkmaz','1952-03-07',N'Male',N'Nazmiye Korkmaz',N'Ibrahim Korkmaz');
INSERT INTO PERSON (SSN,FirstName,LastName,DateOfBirth,Gender,MotherName,FatherName) VALUES (N'10000000005',N'Sabri',N'Yildirim','1957-06-20',N'Male',N'Naciye Yildirim',N'Mustafa Yildirim');
INSERT INTO PERSON (SSN,FirstName,LastName,DateOfBirth,Gender,MotherName,FatherName) VALUES (N'10000000006',N'Kader',N'Ozturk','1994-07-03',N'Female',N'Rukiye Ozturk',N'Necati Ozturk');
INSERT INTO PERSON (SSN,FirstName,LastName,DateOfBirth,Gender,MotherName,FatherName) VALUES (N'10000000007',N'Hasan',N'Demir','1977-04-25',N'Male',N'Rukiye Demir',N'Huseyin Demir');
INSERT INTO PERSON (SSN,FirstName,LastName,DateOfBirth,Gender,MotherName,FatherName) VALUES (N'10000000008',N'Ibrahim',N'Yavuz','1952-08-21',N'Male',N'Yildiz Yavuz',N'Kemal Yavuz');
INSERT INTO PERSON (SSN,FirstName,LastName,DateOfBirth,Gender,MotherName,FatherName) VALUES (N'10000000009',N'Gulten',N'Aslan','1977-05-23',N'Female',N'Zeynep Aslan',N'Kemal Aslan');
INSERT INTO PERSON (SSN,FirstName,LastName,DateOfBirth,Gender,MotherName,FatherName) VALUES (N'10000000010',N'Kemal',N'Gunes','1959-05-21',N'Male',N'Gulsum Gunes',N'Bekir Gunes');
INSERT INTO PERSON (SSN,FirstName,LastName,DateOfBirth,Gender,MotherName,FatherName) VALUES (N'10000000011',N'Halil',N'Demir','1986-06-13',N'Male',N'Cemile Demir',N'Hasan Demir');
INSERT INTO PERSON (SSN,FirstName,LastName,DateOfBirth,Gender,MotherName,FatherName) VALUES (N'10000000012',N'Bekir',N'Aslan','1976-08-13',N'Male',N'Derya Aslan',N'Murat Aslan');
INSERT INTO PERSON (SSN,FirstName,LastName,DateOfBirth,Gender,MotherName,FatherName) VALUES (N'10000000013',N'Hanife',N'Kara','1982-09-18',N'Female',N'Naciye Kara',N'Serkan Kara');
INSERT INTO PERSON (SSN,FirstName,LastName,DateOfBirth,Gender,MotherName,FatherName) VALUES (N'10000000014',N'Yildiz',N'Cetin','1943-09-16',N'Female',N'Elif Cetin',N'Ali Cetin');
INSERT INTO PERSON (SSN,FirstName,LastName,DateOfBirth,Gender,MotherName,FatherName) VALUES (N'10000000015',N'Murat',N'Arslan','1985-11-14',N'Male',N'Zeynep Arslan',N'Sabri Arslan');
INSERT INTO PERSON (SSN,FirstName,LastName,DateOfBirth,Gender,MotherName,FatherName) VALUES (N'10000000016',N'Derya',N'Sen','1951-09-28',N'Female',N'Ayse Sen',N'Osman Sen');
INSERT INTO PERSON (SSN,FirstName,LastName,DateOfBirth,Gender,MotherName,FatherName) VALUES (N'10000000017',N'Nazmiye',N'Ozturk','1953-07-06',N'Female',N'Derya Ozturk',N'Ahmet Ozturk');
INSERT INTO PERSON (SSN,FirstName,LastName,DateOfBirth,Gender,MotherName,FatherName) VALUES (N'10000000018',N'Selin',N'Dogan','1967-02-28',N'Female',N'Serpil Dogan',N'Tolga Dogan');
INSERT INTO PERSON (SSN,FirstName,LastName,DateOfBirth,Gender,MotherName,FatherName) VALUES (N'10000000019',N'Murat',N'Erdogan','1983-03-18',N'Male',N'Melek Erdogan',N'Ahmet Erdogan');
INSERT INTO PERSON (SSN,FirstName,LastName,DateOfBirth,Gender,MotherName,FatherName) VALUES (N'10000000020',N'Pinar',N'Kaya','1942-06-27',N'Female',N'Serpil Kaya',N'Ismail Kaya');
INSERT INTO PERSON (SSN,FirstName,LastName,DateOfBirth,Gender,MotherName,FatherName) VALUES (N'10000000021',N'Ismail',N'Yildiz','1940-12-16',N'Male',N'Zeynep Yildiz',N'Erhan Yildiz');
INSERT INTO PERSON (SSN,FirstName,LastName,DateOfBirth,Gender,MotherName,FatherName) VALUES (N'10000000022',N'Yusuf',N'Bozkurt','1995-09-06',N'Male',N'Naciye Bozkurt',N'Volkan Bozkurt');
INSERT INTO PERSON (SSN,FirstName,LastName,DateOfBirth,Gender,MotherName,FatherName) VALUES (N'10000000023',N'Nurten',N'Ozer','1983-12-23',N'Female',N'Fadime Ozer',N'Kadir Ozer');
INSERT INTO PERSON (SSN,FirstName,LastName,DateOfBirth,Gender,MotherName,FatherName) VALUES (N'10000000024',N'Yildiz',N'Bulut','1992-09-15',N'Female',N'Sultan Bulut',N'Ismail Bulut');
INSERT INTO PERSON (SSN,FirstName,LastName,DateOfBirth,Gender,MotherName,FatherName) VALUES (N'10000000025',N'Hasan',N'Korkmaz','1936-10-18',N'Male',N'Gulsum Korkmaz',N'Halil Korkmaz');
INSERT INTO PERSON (SSN,FirstName,LastName,DateOfBirth,Gender,MotherName,FatherName) VALUES (N'10000000026',N'Hasan',N'Sahin','1949-02-02',N'Male',N'Nazmiye Sahin',N'Hasan Sahin');
INSERT INTO PERSON (SSN,FirstName,LastName,DateOfBirth,Gender,MotherName,FatherName) VALUES (N'10000000027',N'Recep',N'Turk','1948-09-05',N'Male',N'Ozlem Turk',N'Ismail Turk');
INSERT INTO PERSON (SSN,FirstName,LastName,DateOfBirth,Gender,MotherName,FatherName) VALUES (N'10000000028',N'Nurgul',N'Kilic','1941-02-22',N'Female',N'Hulya Kilic',N'Fikret Kilic');
INSERT INTO PERSON (SSN,FirstName,LastName,DateOfBirth,Gender,MotherName,FatherName) VALUES (N'10000000029',N'Nurgul',N'Gunes','1990-12-02',N'Female',N'Meryem Gunes',N'Ali Gunes');
INSERT INTO PERSON (SSN,FirstName,LastName,DateOfBirth,Gender,MotherName,FatherName) VALUES (N'10000000030',N'Nazmiye',N'Yildirim','1950-04-07',N'Female',N'Kader Yildirim',N'Emre Yildirim');
INSERT INTO PERSON (SSN,FirstName,LastName,DateOfBirth,Gender,MotherName,FatherName) VALUES (N'10000000031',N'Serkan',N'Dogan','1952-08-08',N'Male',N'Zeynep Dogan',N'Emre Dogan');
INSERT INTO PERSON (SSN,FirstName,LastName,DateOfBirth,Gender,MotherName,FatherName) VALUES (N'10000000032',N'Ali',N'Ozer','1988-01-03',N'Male',N'Sabahat Ozer',N'Kemal Ozer');
INSERT INTO PERSON (SSN,FirstName,LastName,DateOfBirth,Gender,MotherName,FatherName) VALUES (N'10000000033',N'Pinar',N'Bozkurt','1948-07-02',N'Female',N'Zeliha Bozkurt',N'Sabri Bozkurt');
INSERT INTO PERSON (SSN,FirstName,LastName,DateOfBirth,Gender,MotherName,FatherName) VALUES (N'10000000034',N'Sabri',N'Koc','1994-08-10',N'Male',N'Hulya Koc',N'Fatih Koc');
INSERT INTO PERSON (SSN,FirstName,LastName,DateOfBirth,Gender,MotherName,FatherName) VALUES (N'10000000035',N'Ramazan',N'Ozkan','1948-01-19',N'Male',N'Kader Ozkan',N'Ali Ozkan');
INSERT INTO PERSON (SSN,FirstName,LastName,DateOfBirth,Gender,MotherName,FatherName) VALUES (N'10000000036',N'Hatice',N'Sahin','1972-08-17',N'Female',N'Melek Sahin',N'Kemal Sahin');
INSERT INTO PERSON (SSN,FirstName,LastName,DateOfBirth,Gender,MotherName,FatherName) VALUES (N'10000000037',N'Tolga',N'Yildiz','1989-03-03',N'Male',N'Zeynep Yildiz',N'Ismail Yildiz');
INSERT INTO PERSON (SSN,FirstName,LastName,DateOfBirth,Gender,MotherName,FatherName) VALUES (N'10000000038',N'Sultan',N'Kara','1972-10-02',N'Female',N'Elif Kara',N'Nuri Kara');
INSERT INTO PERSON (SSN,FirstName,LastName,DateOfBirth,Gender,MotherName,FatherName) VALUES (N'10000000039',N'Naciye',N'Aslan','1977-12-11',N'Female',N'Sabahat Aslan',N'Yasar Aslan');
INSERT INTO PERSON (SSN,FirstName,LastName,DateOfBirth,Gender,MotherName,FatherName) VALUES (N'10000000040',N'Hanife',N'Simsek','1964-06-25',N'Female',N'Zeynep Simsek',N'Ahmet Simsek');
INSERT INTO PERSON (SSN,FirstName,LastName,DateOfBirth,Gender,MotherName,FatherName) VALUES (N'10000000041',N'Meryem',N'Celik','1969-04-17',N'Female',N'Naciye Celik',N'Yusuf Celik');
INSERT INTO PERSON (SSN,FirstName,LastName,DateOfBirth,Gender,MotherName,FatherName) VALUES (N'10000000042',N'Zeynep',N'Kara','1958-05-06',N'Female',N'Sevda Kara',N'Erhan Kara');
INSERT INTO PERSON (SSN,FirstName,LastName,DateOfBirth,Gender,MotherName,FatherName) VALUES (N'10000000043',N'Melek',N'Yilmaz','1977-09-10',N'Female',N'Meryem Yilmaz',N'Yusuf Yilmaz');
INSERT INTO PERSON (SSN,FirstName,LastName,DateOfBirth,Gender,MotherName,FatherName) VALUES (N'10000000044',N'Sultan',N'Yildirim','1982-09-05',N'Female',N'Cemile Yildirim',N'Salih Yildirim');
INSERT INTO PERSON (SSN,FirstName,LastName,DateOfBirth,Gender,MotherName,FatherName) VALUES (N'10000000045',N'Cemal',N'Aslan','1978-11-28',N'Male',N'Naciye Aslan',N'Tolga Aslan');
INSERT INTO PERSON (SSN,FirstName,LastName,DateOfBirth,Gender,MotherName,FatherName) VALUES (N'10000000046',N'Naciye',N'Sahin','1940-11-14',N'Female',N'Cemile Sahin',N'Mustafa Sahin');
INSERT INTO PERSON (SSN,FirstName,LastName,DateOfBirth,Gender,MotherName,FatherName) VALUES (N'10000000047',N'Cemal',N'Aydin','1975-05-06',N'Male',N'Sevda Aydin',N'Serkan Aydin');
INSERT INTO PERSON (SSN,FirstName,LastName,DateOfBirth,Gender,MotherName,FatherName) VALUES (N'10000000048',N'Osman',N'Celik','1995-12-05',N'Male',N'Kader Celik',N'Mustafa Celik');
INSERT INTO PERSON (SSN,FirstName,LastName,DateOfBirth,Gender,MotherName,FatherName) VALUES (N'10000000049',N'Havva',N'Aksoy','1943-01-10',N'Female',N'Yildiz Aksoy',N'Mustafa Aksoy');
INSERT INTO PERSON (SSN,FirstName,LastName,DateOfBirth,Gender,MotherName,FatherName) VALUES (N'10000000050',N'Nurten',N'Kara','1977-02-12',N'Female',N'Nurgul Kara',N'Murat Kara');
INSERT INTO PERSON (SSN,FirstName,LastName,DateOfBirth,Gender,MotherName,FatherName) VALUES (N'10000000051',N'Kemal',N'Dogan','1991-07-01',N'Male',N'Sevim Dogan',N'Cemal Dogan');
INSERT INTO PERSON (SSN,FirstName,LastName,DateOfBirth,Gender,MotherName,FatherName) VALUES (N'10000000052',N'Sabahat',N'Kurt','1945-12-04',N'Female',N'Sevgi Kurt',N'Mustafa Kurt');
INSERT INTO PERSON (SSN,FirstName,LastName,DateOfBirth,Gender,MotherName,FatherName) VALUES (N'10000000053',N'Gulsum',N'Kilic','1987-08-12',N'Female',N'Serpil Kilic',N'Halil Kilic');
INSERT INTO PERSON (SSN,FirstName,LastName,DateOfBirth,Gender,MotherName,FatherName) VALUES (N'10000000054',N'Mehmet',N'Kilic','1960-06-09',N'Male',N'Zeynep Kilic',N'Recep Kilic');
INSERT INTO PERSON (SSN,FirstName,LastName,DateOfBirth,Gender,MotherName,FatherName) VALUES (N'10000000055',N'Selin',N'Aktas','1978-09-11',N'Female',N'Fatma Aktas',N'Osman Aktas');
INSERT INTO PERSON (SSN,FirstName,LastName,DateOfBirth,Gender,MotherName,FatherName) VALUES (N'10000000056',N'Sevim',N'Koc','1937-02-20',N'Female',N'Hulya Koc',N'Fikret Koc');
INSERT INTO PERSON (SSN,FirstName,LastName,DateOfBirth,Gender,MotherName,FatherName) VALUES (N'10000000057',N'Hulya',N'Avci','1942-07-19',N'Female',N'Fadime Avci',N'Yasar Avci');
INSERT INTO PERSON (SSN,FirstName,LastName,DateOfBirth,Gender,MotherName,FatherName) VALUES (N'10000000058',N'Serkan',N'Yilmaz','1968-09-22',N'Male',N'Fadime Yilmaz',N'Necati Yilmaz');
INSERT INTO PERSON (SSN,FirstName,LastName,DateOfBirth,Gender,MotherName,FatherName) VALUES (N'10000000059',N'Zeynep',N'Korkmaz','1974-06-22',N'Female',N'Sultan Korkmaz',N'Kadir Korkmaz');
INSERT INTO PERSON (SSN,FirstName,LastName,DateOfBirth,Gender,MotherName,FatherName) VALUES (N'10000000060',N'Nurgul',N'Polat','1960-12-10',N'Female',N'Hanife Polat',N'Ramazan Polat');
INSERT INTO PERSON (SSN,FirstName,LastName,DateOfBirth,Gender,MotherName,FatherName) VALUES (N'10000000061',N'Sevgi',N'Dogan','1974-10-10',N'Female',N'Aysel Dogan',N'Ahmet Dogan');
INSERT INTO PERSON (SSN,FirstName,LastName,DateOfBirth,Gender,MotherName,FatherName) VALUES (N'10000000062',N'Rukiye',N'Aslan','1962-10-20',N'Female',N'Feride Aslan',N'Baris Aslan');
INSERT INTO PERSON (SSN,FirstName,LastName,DateOfBirth,Gender,MotherName,FatherName) VALUES (N'10000000063',N'Sevda',N'Aslan','1967-08-26',N'Female',N'Zeliha Aslan',N'Huseyin Aslan');
INSERT INTO PERSON (SSN,FirstName,LastName,DateOfBirth,Gender,MotherName,FatherName) VALUES (N'10000000064',N'Selin',N'Korkmaz','1940-04-22',N'Female',N'Serpil Korkmaz',N'Halil Korkmaz');
INSERT INTO PERSON (SSN,FirstName,LastName,DateOfBirth,Gender,MotherName,FatherName) VALUES (N'10000000065',N'Murat',N'Kaya','1937-04-16',N'Male',N'Zeynep Kaya',N'Baris Kaya');
INSERT INTO PERSON (SSN,FirstName,LastName,DateOfBirth,Gender,MotherName,FatherName) VALUES (N'10000000066',N'Fadime',N'Yavuz','1966-07-08',N'Female',N'Havva Yavuz',N'Ahmet Yavuz');
INSERT INTO PERSON (SSN,FirstName,LastName,DateOfBirth,Gender,MotherName,FatherName) VALUES (N'10000000067',N'Serkan',N'Cetin','1946-12-17',N'Male',N'Derya Cetin',N'Ali Cetin');
INSERT INTO PERSON (SSN,FirstName,LastName,DateOfBirth,Gender,MotherName,FatherName) VALUES (N'10000000068',N'Osman',N'Gunes','1943-08-22',N'Male',N'Melek Gunes',N'Bekir Gunes');
INSERT INTO PERSON (SSN,FirstName,LastName,DateOfBirth,Gender,MotherName,FatherName) VALUES (N'10000000069',N'Selin',N'Aksoy','1988-09-15',N'Female',N'Zeliha Aksoy',N'Cengiz Aksoy');
INSERT INTO PERSON (SSN,FirstName,LastName,DateOfBirth,Gender,MotherName,FatherName) VALUES (N'10000000070',N'Naciye',N'Kara','1988-11-09',N'Female',N'Melek Kara',N'Fatih Kara');
INSERT INTO PERSON (SSN,FirstName,LastName,DateOfBirth,Gender,MotherName,FatherName) VALUES (N'10000000071',N'Recep',N'Bulut','1939-12-10',N'Male',N'Sabahat Bulut',N'Recep Bulut');
INSERT INTO PERSON (SSN,FirstName,LastName,DateOfBirth,Gender,MotherName,FatherName) VALUES (N'10000000072',N'Feride',N'Ozer','1940-03-05',N'Female',N'Gulsum Ozer',N'Sabri Ozer');
INSERT INTO PERSON (SSN,FirstName,LastName,DateOfBirth,Gender,MotherName,FatherName) VALUES (N'10000000073',N'Omer',N'Celik','1961-07-11',N'Male',N'Kader Celik',N'Baris Celik');
INSERT INTO PERSON (SSN,FirstName,LastName,DateOfBirth,Gender,MotherName,FatherName) VALUES (N'10000000074',N'Hatice',N'Aslan','1988-07-13',N'Female',N'Fatma Aslan',N'Sabri Aslan');
INSERT INTO PERSON (SSN,FirstName,LastName,DateOfBirth,Gender,MotherName,FatherName) VALUES (N'10000000075',N'Ayse',N'Cakir','1954-07-28',N'Female',N'Nurgul Cakir',N'Erhan Cakir');
INSERT INTO PERSON (SSN,FirstName,LastName,DateOfBirth,Gender,MotherName,FatherName) VALUES (N'10000000076',N'Fatih',N'Cetin','1952-07-16',N'Male',N'Fatma Cetin',N'Sabri Cetin');
INSERT INTO PERSON (SSN,FirstName,LastName,DateOfBirth,Gender,MotherName,FatherName) VALUES (N'10000000077',N'Aysel',N'Arslan','1988-08-05',N'Female',N'Kader Arslan',N'Mehmet Arslan');
INSERT INTO PERSON (SSN,FirstName,LastName,DateOfBirth,Gender,MotherName,FatherName) VALUES (N'10000000078',N'Fatma',N'Yildiz','1976-07-05',N'Female',N'Derya Yildiz',N'Suleyman Yildiz');
INSERT INTO PERSON (SSN,FirstName,LastName,DateOfBirth,Gender,MotherName,FatherName) VALUES (N'10000000079',N'Yasar',N'Yavuz','1955-04-15',N'Male',N'Feride Yavuz',N'Cemal Yavuz');
INSERT INTO PERSON (SSN,FirstName,LastName,DateOfBirth,Gender,MotherName,FatherName) VALUES (N'10000000080',N'Cemile',N'Tas','1951-02-16',N'Female',N'Fatma Tas',N'Erhan Tas');
INSERT INTO PERSON (SSN,FirstName,LastName,DateOfBirth,Gender,MotherName,FatherName) VALUES (N'10000000081',N'Fikret',N'Cetin','1976-02-25',N'Male',N'Emine Cetin',N'Mehmet Cetin');
INSERT INTO PERSON (SSN,FirstName,LastName,DateOfBirth,Gender,MotherName,FatherName) VALUES (N'10000000082',N'Ramazan',N'Kaya','1974-03-08',N'Male',N'Hanife Kaya',N'Cengiz Kaya');
INSERT INTO PERSON (SSN,FirstName,LastName,DateOfBirth,Gender,MotherName,FatherName) VALUES (N'10000000083',N'Omer',N'Gunes','1979-05-25',N'Male',N'Yildiz Gunes',N'Kemal Gunes');
INSERT INTO PERSON (SSN,FirstName,LastName,DateOfBirth,Gender,MotherName,FatherName) VALUES (N'10000000084',N'Kemal',N'Simsek','1941-10-01',N'Male',N'Serpil Simsek',N'Sabri Simsek');
INSERT INTO PERSON (SSN,FirstName,LastName,DateOfBirth,Gender,MotherName,FatherName) VALUES (N'10000000085',N'Fadime',N'Celik','1972-12-27',N'Female',N'Sabahat Celik',N'Ibrahim Celik');
INSERT INTO PERSON (SSN,FirstName,LastName,DateOfBirth,Gender,MotherName,FatherName) VALUES (N'10000000086',N'Sultan',N'Demir','1957-09-14',N'Female',N'Yildiz Demir',N'Hasan Demir');
INSERT INTO PERSON (SSN,FirstName,LastName,DateOfBirth,Gender,MotherName,FatherName) VALUES (N'10000000087',N'Ayse',N'Tas','1987-08-04',N'Female',N'Hulya Tas',N'Necati Tas');
INSERT INTO PERSON (SSN,FirstName,LastName,DateOfBirth,Gender,MotherName,FatherName) VALUES (N'10000000088',N'Havva',N'Aksoy','1946-12-17',N'Female',N'Cemile Aksoy',N'Erhan Aksoy');
INSERT INTO PERSON (SSN,FirstName,LastName,DateOfBirth,Gender,MotherName,FatherName) VALUES (N'10000000089',N'Derya',N'Aksoy','1987-12-19',N'Female',N'Cemile Aksoy',N'Bekir Aksoy');
INSERT INTO PERSON (SSN,FirstName,LastName,DateOfBirth,Gender,MotherName,FatherName) VALUES (N'10000000090',N'Huseyin',N'Kurt','1991-08-08',N'Male',N'Derya Kurt',N'Sabri Kurt');
INSERT INTO PERSON (SSN,FirstName,LastName,DateOfBirth,Gender,MotherName,FatherName) VALUES (N'10000000091',N'Fatma',N'Turk','1989-06-06',N'Female',N'Pinar Turk',N'Omer Turk');
INSERT INTO PERSON (SSN,FirstName,LastName,DateOfBirth,Gender,MotherName,FatherName) VALUES (N'10000000092',N'Naciye',N'Korkmaz','1952-10-23',N'Female',N'Cemile Korkmaz',N'Ahmet Korkmaz');
INSERT INTO PERSON (SSN,FirstName,LastName,DateOfBirth,Gender,MotherName,FatherName) VALUES (N'10000000093',N'Huseyin',N'Kara','1981-07-16',N'Male',N'Sabahat Kara',N'Cengiz Kara');
INSERT INTO PERSON (SSN,FirstName,LastName,DateOfBirth,Gender,MotherName,FatherName) VALUES (N'10000000094',N'Sevda',N'Kaya','1940-05-08',N'Female',N'Aysel Kaya',N'Ismail Kaya');
INSERT INTO PERSON (SSN,FirstName,LastName,DateOfBirth,Gender,MotherName,FatherName) VALUES (N'10000000095',N'Yildiz',N'Bozkurt','1970-09-12',N'Female',N'Hulya Bozkurt',N'Cemal Bozkurt');
INSERT INTO PERSON (SSN,FirstName,LastName,DateOfBirth,Gender,MotherName,FatherName) VALUES (N'10000000096',N'Derya',N'Kurt','1954-05-08',N'Female',N'Sultan Kurt',N'Ramazan Kurt');
INSERT INTO PERSON (SSN,FirstName,LastName,DateOfBirth,Gender,MotherName,FatherName) VALUES (N'10000000097',N'Sultan',N'Ozer','1995-12-06',N'Female',N'Fadime Ozer',N'Omer Ozer');
INSERT INTO PERSON (SSN,FirstName,LastName,DateOfBirth,Gender,MotherName,FatherName) VALUES (N'10000000098',N'Cemile',N'Sen','1973-05-04',N'Female',N'Fadime Sen',N'Salih Sen');
INSERT INTO PERSON (SSN,FirstName,LastName,DateOfBirth,Gender,MotherName,FatherName) VALUES (N'10000000099',N'Necati',N'Dogan','1954-01-23',N'Male',N'Kader Dogan',N'Yusuf Dogan');
INSERT INTO PERSON (SSN,FirstName,LastName,DateOfBirth,Gender,MotherName,FatherName) VALUES (N'10000000100',N'Emine',N'Sahin','1970-05-23',N'Female',N'Hanife Sahin',N'Fatih Sahin');
INSERT INTO PERSON (SSN,FirstName,LastName,DateOfBirth,Gender,MotherName,FatherName) VALUES (N'10000000101',N'Ahmet',N'Ozkan','1965-08-15',N'Male',N'Nazmiye Ozkan',N'Suleyman Ozkan');
INSERT INTO PERSON (SSN,FirstName,LastName,DateOfBirth,Gender,MotherName,FatherName) VALUES (N'10000000102',N'Yasar',N'Bozkurt','1942-02-13',N'Male',N'Pinar Bozkurt',N'Hasan Bozkurt');
INSERT INTO PERSON (SSN,FirstName,LastName,DateOfBirth,Gender,MotherName,FatherName) VALUES (N'10000000103',N'Murat',N'Ozdemir','1986-10-10',N'Male',N'Elif Ozdemir',N'Ismail Ozdemir');
INSERT INTO PERSON (SSN,FirstName,LastName,DateOfBirth,Gender,MotherName,FatherName) VALUES (N'10000000104',N'Nuri',N'Cetin','1984-09-13',N'Male',N'Sevda Cetin',N'Emre Cetin');
INSERT INTO PERSON (SSN,FirstName,LastName,DateOfBirth,Gender,MotherName,FatherName) VALUES (N'10000000105',N'Hulya',N'Simsek','1971-10-02',N'Female',N'Meryem Simsek',N'Omer Simsek');
INSERT INTO PERSON (SSN,FirstName,LastName,DateOfBirth,Gender,MotherName,FatherName) VALUES (N'10000000106',N'Yasar',N'Yildiz','1945-04-06',N'Male',N'Zeynep Yildiz',N'Kemal Yildiz');
INSERT INTO PERSON (SSN,FirstName,LastName,DateOfBirth,Gender,MotherName,FatherName) VALUES (N'10000000107',N'Nuri',N'Bulut','1979-10-16',N'Male',N'Rukiye Bulut',N'Mustafa Bulut');
INSERT INTO PERSON (SSN,FirstName,LastName,DateOfBirth,Gender,MotherName,FatherName) VALUES (N'10000000108',N'Salih',N'Ozkan','1979-08-03',N'Male',N'Gulsum Ozkan',N'Yasar Ozkan');
INSERT INTO PERSON (SSN,FirstName,LastName,DateOfBirth,Gender,MotherName,FatherName) VALUES (N'10000000109',N'Serkan',N'Ozturk','1969-04-21',N'Male',N'Havva Ozturk',N'Recep Ozturk');
INSERT INTO PERSON (SSN,FirstName,LastName,DateOfBirth,Gender,MotherName,FatherName) VALUES (N'10000000110',N'Hasan',N'Sahin','1945-05-20',N'Male',N'Rukiye Sahin',N'Emre Sahin');
INSERT INTO PERSON (SSN,FirstName,LastName,DateOfBirth,Gender,MotherName,FatherName) VALUES (N'10000000111',N'Baris',N'Simsek','1979-07-09',N'Male',N'Selin Simsek',N'Erhan Simsek');
INSERT INTO PERSON (SSN,FirstName,LastName,DateOfBirth,Gender,MotherName,FatherName) VALUES (N'10000000112',N'Sevda',N'Yildiz','1973-01-14',N'Female',N'Feride Yildiz',N'Yasar Yildiz');
INSERT INTO PERSON (SSN,FirstName,LastName,DateOfBirth,Gender,MotherName,FatherName) VALUES (N'10000000113',N'Huseyin',N'Cetin','1978-10-19',N'Male',N'Fatma Cetin',N'Recep Cetin');
INSERT INTO PERSON (SSN,FirstName,LastName,DateOfBirth,Gender,MotherName,FatherName) VALUES (N'10000000114',N'Suleyman',N'Bozkurt','1968-11-15',N'Male',N'Cemile Bozkurt',N'Suleyman Bozkurt');
INSERT INTO PERSON (SSN,FirstName,LastName,DateOfBirth,Gender,MotherName,FatherName) VALUES (N'10000000115',N'Pinar',N'Yildiz','1965-06-14',N'Female',N'Nazmiye Yildiz',N'Bekir Yildiz');
INSERT INTO PERSON (SSN,FirstName,LastName,DateOfBirth,Gender,MotherName,FatherName) VALUES (N'10000000116',N'Kemal',N'Korkmaz','1961-12-16',N'Male',N'Rukiye Korkmaz',N'Riza Korkmaz');
INSERT INTO PERSON (SSN,FirstName,LastName,DateOfBirth,Gender,MotherName,FatherName) VALUES (N'10000000117',N'Baris',N'Yildiz','1955-05-11',N'Male',N'Sultan Yildiz',N'Riza Yildiz');
INSERT INTO PERSON (SSN,FirstName,LastName,DateOfBirth,Gender,MotherName,FatherName) VALUES (N'10000000118',N'Erhan',N'Gunes','1961-01-07',N'Male',N'Melek Gunes',N'Necati Gunes');
INSERT INTO PERSON (SSN,FirstName,LastName,DateOfBirth,Gender,MotherName,FatherName) VALUES (N'10000000119',N'Sevda',N'Sahin','1948-05-18',N'Female',N'Hanife Sahin',N'Salih Sahin');
INSERT INTO PERSON (SSN,FirstName,LastName,DateOfBirth,Gender,MotherName,FatherName) VALUES (N'10000000120',N'Pinar',N'Ozturk','1936-11-20',N'Female',N'Sabahat Ozturk',N'Kemal Ozturk');
INSERT INTO PERSON (SSN,FirstName,LastName,DateOfBirth,Gender,MotherName,FatherName) VALUES (N'10000000121',N'Ayse',N'Tas','1940-04-27',N'Female',N'Sultan Tas',N'Baris Tas');
INSERT INTO PERSON (SSN,FirstName,LastName,DateOfBirth,Gender,MotherName,FatherName) VALUES (N'10000000122',N'Murat',N'Turk','1994-12-10',N'Male',N'Selin Turk',N'Recep Turk');
INSERT INTO PERSON (SSN,FirstName,LastName,DateOfBirth,Gender,MotherName,FatherName) VALUES (N'10000000123',N'Ozlem',N'Bozkurt','1950-08-18',N'Female',N'Havva Bozkurt',N'Sabri Bozkurt');
INSERT INTO PERSON (SSN,FirstName,LastName,DateOfBirth,Gender,MotherName,FatherName) VALUES (N'10000000124',N'Tolga',N'Aydin','1990-02-09',N'Male',N'Nurgul Aydin',N'Cemal Aydin');
INSERT INTO PERSON (SSN,FirstName,LastName,DateOfBirth,Gender,MotherName,FatherName) VALUES (N'10000000125',N'Ayse',N'Ozkan','1981-05-27',N'Female',N'Pinar Ozkan',N'Murat Ozkan');
INSERT INTO PERSON (SSN,FirstName,LastName,DateOfBirth,Gender,MotherName,FatherName) VALUES (N'10000000126',N'Kader',N'Bozkurt','1957-06-18',N'Female',N'Kader Bozkurt',N'Sabri Bozkurt');
INSERT INTO PERSON (SSN,FirstName,LastName,DateOfBirth,Gender,MotherName,FatherName) VALUES (N'10000000127',N'Feride',N'Kilic','1979-04-19',N'Female',N'Sevgi Kilic',N'Halil Kilic');
INSERT INTO PERSON (SSN,FirstName,LastName,DateOfBirth,Gender,MotherName,FatherName) VALUES (N'10000000128',N'Emine',N'Polat','1982-08-23',N'Female',N'Sevgi Polat',N'Sabri Polat');
INSERT INTO PERSON (SSN,FirstName,LastName,DateOfBirth,Gender,MotherName,FatherName) VALUES (N'10000000129',N'Fatih',N'Demir','1943-09-19',N'Male',N'Nazmiye Demir',N'Ibrahim Demir');
INSERT INTO PERSON (SSN,FirstName,LastName,DateOfBirth,Gender,MotherName,FatherName) VALUES (N'10000000130',N'Meryem',N'Sen','1993-08-01',N'Female',N'Havva Sen',N'Nuri Sen');
INSERT INTO PERSON (SSN,FirstName,LastName,DateOfBirth,Gender,MotherName,FatherName) VALUES (N'10000000131',N'Hasan',N'Bozkurt','1985-05-11',N'Male',N'Aysel Bozkurt',N'Huseyin Bozkurt');
INSERT INTO PERSON (SSN,FirstName,LastName,DateOfBirth,Gender,MotherName,FatherName) VALUES (N'10000000132',N'Kader',N'Yavuz','1955-11-23',N'Female',N'Pinar Yavuz',N'Erhan Yavuz');
INSERT INTO PERSON (SSN,FirstName,LastName,DateOfBirth,Gender,MotherName,FatherName) VALUES (N'10000000133',N'Hasan',N'Kara','1975-11-10',N'Male',N'Gulsum Kara',N'Huseyin Kara');
INSERT INTO PERSON (SSN,FirstName,LastName,DateOfBirth,Gender,MotherName,FatherName) VALUES (N'10000000134',N'Meryem',N'Yildirim','1963-03-23',N'Female',N'Serpil Yildirim',N'Mehmet Yildirim');
INSERT INTO PERSON (SSN,FirstName,LastName,DateOfBirth,Gender,MotherName,FatherName) VALUES (N'10000000135',N'Bekir',N'Sahin','1953-06-12',N'Male',N'Hulya Sahin',N'Murat Sahin');
INSERT INTO PERSON (SSN,FirstName,LastName,DateOfBirth,Gender,MotherName,FatherName) VALUES (N'10000000136',N'Volkan',N'Tas','1971-11-26',N'Male',N'Sevim Tas',N'Kemal Tas');
INSERT INTO PERSON (SSN,FirstName,LastName,DateOfBirth,Gender,MotherName,FatherName) VALUES (N'10000000137',N'Huseyin',N'Yavuz','1974-11-08',N'Male',N'Pinar Yavuz',N'Murat Yavuz');
INSERT INTO PERSON (SSN,FirstName,LastName,DateOfBirth,Gender,MotherName,FatherName) VALUES (N'10000000138',N'Baris',N'Koc','1964-05-22',N'Male',N'Ayse Koc',N'Baris Koc');
INSERT INTO PERSON (SSN,FirstName,LastName,DateOfBirth,Gender,MotherName,FatherName) VALUES (N'10000000139',N'Kader',N'Arslan','1939-08-12',N'Female',N'Serpil Arslan',N'Serkan Arslan');
INSERT INTO PERSON (SSN,FirstName,LastName,DateOfBirth,Gender,MotherName,FatherName) VALUES (N'10000000140',N'Derya',N'Simsek','1947-07-28',N'Female',N'Ozlem Simsek',N'Ibrahim Simsek');
INSERT INTO PERSON (SSN,FirstName,LastName,DateOfBirth,Gender,MotherName,FatherName) VALUES (N'10000000141',N'Sabri',N'Cakir','1971-05-23',N'Male',N'Rukiye Cakir',N'Mehmet Cakir');
INSERT INTO PERSON (SSN,FirstName,LastName,DateOfBirth,Gender,MotherName,FatherName) VALUES (N'10000000142',N'Cemile',N'Yilmaz','1971-11-25',N'Female',N'Hatice Yilmaz',N'Fatih Yilmaz');
INSERT INTO PERSON (SSN,FirstName,LastName,DateOfBirth,Gender,MotherName,FatherName) VALUES (N'10000000143',N'Gulsum',N'Cakir','1949-11-07',N'Female',N'Naciye Cakir',N'Yusuf Cakir');
INSERT INTO PERSON (SSN,FirstName,LastName,DateOfBirth,Gender,MotherName,FatherName) VALUES (N'10000000144',N'Mustafa',N'Simsek','1985-08-02',N'Male',N'Yildiz Simsek',N'Yusuf Simsek');
INSERT INTO PERSON (SSN,FirstName,LastName,DateOfBirth,Gender,MotherName,FatherName) VALUES (N'10000000145',N'Salih',N'Polat','1982-07-06',N'Male',N'Fadime Polat',N'Yusuf Polat');
INSERT INTO PERSON (SSN,FirstName,LastName,DateOfBirth,Gender,MotherName,FatherName) VALUES (N'10000000146',N'Melek',N'Avci','1993-05-27',N'Female',N'Zeliha Avci',N'Yasar Avci');
INSERT INTO PERSON (SSN,FirstName,LastName,DateOfBirth,Gender,MotherName,FatherName) VALUES (N'10000000147',N'Rukiye',N'Korkmaz','1986-02-15',N'Female',N'Zeynep Korkmaz',N'Murat Korkmaz');
INSERT INTO PERSON (SSN,FirstName,LastName,DateOfBirth,Gender,MotherName,FatherName) VALUES (N'10000000148',N'Riza',N'Erdogan','1940-07-01',N'Male',N'Naciye Erdogan',N'Erhan Erdogan');
INSERT INTO PERSON (SSN,FirstName,LastName,DateOfBirth,Gender,MotherName,FatherName) VALUES (N'10000000149',N'Baris',N'Erdogan','1978-12-22',N'Male',N'Naciye Erdogan',N'Sabri Erdogan');
INSERT INTO PERSON (SSN,FirstName,LastName,DateOfBirth,Gender,MotherName,FatherName) VALUES (N'10000000150',N'Meryem',N'Cetin','1965-01-20',N'Female',N'Feride Cetin',N'Halil Cetin');
INSERT INTO PERSON (SSN,FirstName,LastName,DateOfBirth,Gender,MotherName,FatherName) VALUES (N'10000000151',N'Baris',N'Simsek','1976-07-04',N'Male',N'Hanife Simsek',N'Mustafa Simsek');
INSERT INTO PERSON (SSN,FirstName,LastName,DateOfBirth,Gender,MotherName,FatherName) VALUES (N'10000000152',N'Kadir',N'Turk','1942-02-08',N'Male',N'Kader Turk',N'Yusuf Turk');
INSERT INTO PERSON (SSN,FirstName,LastName,DateOfBirth,Gender,MotherName,FatherName) VALUES (N'10000000153',N'Derya',N'Erdogan','1977-12-23',N'Female',N'Kader Erdogan',N'Nuri Erdogan');
INSERT INTO PERSON (SSN,FirstName,LastName,DateOfBirth,Gender,MotherName,FatherName) VALUES (N'10000000154',N'Nuri',N'Yildirim','1988-08-20',N'Male',N'Nurgul Yildirim',N'Recep Yildirim');
INSERT INTO PERSON (SSN,FirstName,LastName,DateOfBirth,Gender,MotherName,FatherName) VALUES (N'10000000155',N'Necati',N'Aslan','1963-08-08',N'Male',N'Yildiz Aslan',N'Ibrahim Aslan');
GO
-- ===== EMPLOYEE =====
INSERT INTO EMPLOYEE (EmployeeID,SSN,JobTitle,HireDate,Salary,Shift,SupervisorEmployeeID) VALUES (N'EMP001',N'10000000001',N'Muhasebe','2018-01-31',58489,N'Rotating',NULL);
INSERT INTO EMPLOYEE (EmployeeID,SSN,JobTitle,HireDate,Salary,Shift,SupervisorEmployeeID) VALUES (N'EMP002',N'10000000002',N'Mezar Kazici','2021-02-24',41962,N'Rotating',NULL);
INSERT INTO EMPLOYEE (EmployeeID,SSN,JobTitle,HireDate,Salary,Shift,SupervisorEmployeeID) VALUES (N'EMP003',N'10000000003',N'Bahcivan','2020-02-02',56677,N'Night',N'EMP002');
INSERT INTO EMPLOYEE (EmployeeID,SSN,JobTitle,HireDate,Salary,Shift,SupervisorEmployeeID) VALUES (N'EMP004',N'10000000004',N'Sef','2023-11-23',59907,N'Rotating',N'EMP001');
INSERT INTO EMPLOYEE (EmployeeID,SSN,JobTitle,HireDate,Salary,Shift,SupervisorEmployeeID) VALUES (N'EMP005',N'10000000005',N'Guvenlik','2019-10-28',31974,N'Night',N'EMP001');
INSERT INTO EMPLOYEE (EmployeeID,SSN,JobTitle,HireDate,Salary,Shift,SupervisorEmployeeID) VALUES (N'EMP006',N'10000000006',N'Koordinator','2020-02-01',44262,N'Rotating',N'EMP002');
INSERT INTO EMPLOYEE (EmployeeID,SSN,JobTitle,HireDate,Salary,Shift,SupervisorEmployeeID) VALUES (N'EMP007',N'10000000007',N'Koordinator','2018-07-04',37481,N'Rotating',N'EMP001');
INSERT INTO EMPLOYEE (EmployeeID,SSN,JobTitle,HireDate,Salary,Shift,SupervisorEmployeeID) VALUES (N'EMP008',N'10000000008',N'Isci','2019-03-14',48081,N'Day',N'EMP002');
INSERT INTO EMPLOYEE (EmployeeID,SSN,JobTitle,HireDate,Salary,Shift,SupervisorEmployeeID) VALUES (N'EMP009',N'10000000009',N'Sef','2015-12-16',45303,N'Day',N'EMP001');
INSERT INTO EMPLOYEE (EmployeeID,SSN,JobTitle,HireDate,Salary,Shift,SupervisorEmployeeID) VALUES (N'EMP010',N'10000000010',N'Bahcivan','2016-06-16',20930,N'Rotating',N'EMP002');
INSERT INTO EMPLOYEE (EmployeeID,SSN,JobTitle,HireDate,Salary,Shift,SupervisorEmployeeID) VALUES (N'EMP011',N'10000000011',N'Sef','2022-07-07',43922,N'Night',N'EMP002');
INSERT INTO EMPLOYEE (EmployeeID,SSN,JobTitle,HireDate,Salary,Shift,SupervisorEmployeeID) VALUES (N'EMP012',N'10000000012',N'Mudur','2023-02-01',35850,N'Rotating',N'EMP002');
INSERT INTO EMPLOYEE (EmployeeID,SSN,JobTitle,HireDate,Salary,Shift,SupervisorEmployeeID) VALUES (N'EMP013',N'10000000013',N'Sef','2018-12-11',54874,N'Rotating',N'EMP002');
INSERT INTO EMPLOYEE (EmployeeID,SSN,JobTitle,HireDate,Salary,Shift,SupervisorEmployeeID) VALUES (N'EMP014',N'10000000014',N'Guvenlik','2016-09-25',31696,N'Day',N'EMP001');
INSERT INTO EMPLOYEE (EmployeeID,SSN,JobTitle,HireDate,Salary,Shift,SupervisorEmployeeID) VALUES (N'EMP015',N'10000000015',N'Mezar Kazici','2021-03-28',24529,N'Night',N'EMP002');
GO
-- ===== GRAVE_OWNER =====
INSERT INTO GRAVE_OWNER (SSN,Address,PhoneNumber,Email,OwnerType,RegistrationDate,Relationship) VALUES (N'10000000016',N'Antalya Kepez 110. Sok. No:72',N'05360709119',N'derya.sen@mail.com',N'Institution','2026-06-09',N'Gelini');
INSERT INTO GRAVE_OWNER (SSN,Address,PhoneNumber,Email,OwnerType,RegistrationDate,Relationship) VALUES (N'10000000017',N'Antalya Kepez 156. Sok. No:85',N'05307047459',N'nazmiye.ozturk@mail.com',N'Institution','2026-03-30',N'Babasi');
INSERT INTO GRAVE_OWNER (SSN,Address,PhoneNumber,Email,OwnerType,RegistrationDate,Relationship) VALUES (N'10000000018',N'Antalya Kepez 70. Sok. No:90',N'05348430071',N'selin.dogan@mail.com',N'Family','2020-04-28',N'Annesi');
INSERT INTO GRAVE_OWNER (SSN,Address,PhoneNumber,Email,OwnerType,RegistrationDate,Relationship) VALUES (N'10000000019',N'Antalya Kepez 47. Sok. No:19',N'05301639010',N'murat.erdogan@mail.com',N'Institution','2023-12-08',N'Torunu');
INSERT INTO GRAVE_OWNER (SSN,Address,PhoneNumber,Email,OwnerType,RegistrationDate,Relationship) VALUES (N'10000000020',N'Antalya Kepez 190. Sok. No:82',N'05338084186',N'pinar.kaya@mail.com',N'Individual','2020-10-12',N'Oglu');
INSERT INTO GRAVE_OWNER (SSN,Address,PhoneNumber,Email,OwnerType,RegistrationDate,Relationship) VALUES (N'10000000021',N'Antalya Kepez 97. Sok. No:54',N'05357749293',N'ismail.yildiz@mail.com',N'Family','2025-12-12',N'Annesi');
INSERT INTO GRAVE_OWNER (SSN,Address,PhoneNumber,Email,OwnerType,RegistrationDate,Relationship) VALUES (N'10000000022',N'Antalya Kepez 80. Sok. No:42',N'05399335370',N'yusuf.bozkurt@mail.com',N'Institution','2021-10-06',N'Gelini');
INSERT INTO GRAVE_OWNER (SSN,Address,PhoneNumber,Email,OwnerType,RegistrationDate,Relationship) VALUES (N'10000000023',N'Antalya Kepez 14. Sok. No:20',N'05537120362',N'nurten.ozer@mail.com',N'Individual','2020-12-13',N'Gelini');
INSERT INTO GRAVE_OWNER (SSN,Address,PhoneNumber,Email,OwnerType,RegistrationDate,Relationship) VALUES (N'10000000024',N'Antalya Kepez 21. Sok. No:35',N'05480917099',N'yildiz.bulut@mail.com',N'Family','2020-07-22',N'Torunu');
INSERT INTO GRAVE_OWNER (SSN,Address,PhoneNumber,Email,OwnerType,RegistrationDate,Relationship) VALUES (N'10000000025',N'Antalya Kepez 114. Sok. No:54',N'05462960724',N'hasan.korkmaz@mail.com',N'Family','2025-06-12',N'Kardesi');
INSERT INTO GRAVE_OWNER (SSN,Address,PhoneNumber,Email,OwnerType,RegistrationDate,Relationship) VALUES (N'10000000026',N'Antalya Kepez 89. Sok. No:56',N'05330552654',N'hasan.sahin@mail.com',N'Individual','2025-09-29',N'Babasi');
INSERT INTO GRAVE_OWNER (SSN,Address,PhoneNumber,Email,OwnerType,RegistrationDate,Relationship) VALUES (N'10000000027',N'Antalya Kepez 171. Sok. No:40',N'05441447797',N'recep.turk@mail.com',N'Individual','2025-06-16',N'Kardesi');
INSERT INTO GRAVE_OWNER (SSN,Address,PhoneNumber,Email,OwnerType,RegistrationDate,Relationship) VALUES (N'10000000028',N'Antalya Kepez 15. Sok. No:1',N'05460880069',N'nurgul.kilic@mail.com',N'Individual','2024-06-06',N'Babasi');
INSERT INTO GRAVE_OWNER (SSN,Address,PhoneNumber,Email,OwnerType,RegistrationDate,Relationship) VALUES (N'10000000029',N'Antalya Kepez 36. Sok. No:33',N'05505983820',N'nurgul.gunes@mail.com',N'Family','2022-05-15',N'Annesi');
INSERT INTO GRAVE_OWNER (SSN,Address,PhoneNumber,Email,OwnerType,RegistrationDate,Relationship) VALUES (N'10000000030',N'Antalya Kepez 128. Sok. No:56',N'05302074980',N'nazmiye.yildirim@mail.com',N'Individual','2021-05-06',N'Kizi');
INSERT INTO GRAVE_OWNER (SSN,Address,PhoneNumber,Email,OwnerType,RegistrationDate,Relationship) VALUES (N'10000000031',N'Antalya Kepez 181. Sok. No:30',N'05442963985',N'serkan.dogan@mail.com',N'Institution','2024-04-06',N'Damadi');
INSERT INTO GRAVE_OWNER (SSN,Address,PhoneNumber,Email,OwnerType,RegistrationDate,Relationship) VALUES (N'10000000032',N'Antalya Kepez 102. Sok. No:6',N'05319347618',N'ali.ozer@mail.com',N'Family','2023-12-21',N'Esi');
INSERT INTO GRAVE_OWNER (SSN,Address,PhoneNumber,Email,OwnerType,RegistrationDate,Relationship) VALUES (N'10000000033',N'Antalya Kepez 20. Sok. No:41',N'05547272658',N'pinar.bozkurt@mail.com',N'Institution','2025-02-26',N'Torunu');
INSERT INTO GRAVE_OWNER (SSN,Address,PhoneNumber,Email,OwnerType,RegistrationDate,Relationship) VALUES (N'10000000034',N'Antalya Kepez 182. Sok. No:82',N'05408561440',N'sabri.koc@mail.com',N'Family','2026-06-06',N'Babasi');
INSERT INTO GRAVE_OWNER (SSN,Address,PhoneNumber,Email,OwnerType,RegistrationDate,Relationship) VALUES (N'10000000035',N'Antalya Kepez 6. Sok. No:42',N'05408725032',N'ramazan.ozkan@mail.com',N'Individual','2021-04-16',N'Gelini');
INSERT INTO GRAVE_OWNER (SSN,Address,PhoneNumber,Email,OwnerType,RegistrationDate,Relationship) VALUES (N'10000000036',N'Antalya Kepez 177. Sok. No:47',N'05523345254',N'hatice.sahin@mail.com',N'Individual','2025-02-27',N'Torunu');
INSERT INTO GRAVE_OWNER (SSN,Address,PhoneNumber,Email,OwnerType,RegistrationDate,Relationship) VALUES (N'10000000037',N'Antalya Kepez 112. Sok. No:76',N'05365314768',N'tolga.yildiz@mail.com',N'Family','2021-03-09',N'Damadi');
INSERT INTO GRAVE_OWNER (SSN,Address,PhoneNumber,Email,OwnerType,RegistrationDate,Relationship) VALUES (N'10000000038',N'Antalya Kepez 80. Sok. No:44',N'05406237812',N'sultan.kara@mail.com',N'Individual','2020-11-18',N'Annesi');
INSERT INTO GRAVE_OWNER (SSN,Address,PhoneNumber,Email,OwnerType,RegistrationDate,Relationship) VALUES (N'10000000039',N'Antalya Kepez 131. Sok. No:82',N'05320502932',N'naciye.aslan@mail.com',N'Individual','2021-11-19',N'Damadi');
INSERT INTO GRAVE_OWNER (SSN,Address,PhoneNumber,Email,OwnerType,RegistrationDate,Relationship) VALUES (N'10000000040',N'Antalya Kepez 199. Sok. No:45',N'05352050628',N'hanife.simsek@mail.com',N'Family','2025-09-19',N'Kizi');
INSERT INTO GRAVE_OWNER (SSN,Address,PhoneNumber,Email,OwnerType,RegistrationDate,Relationship) VALUES (N'10000000041',N'Antalya Kepez 38. Sok. No:33',N'05327596380',N'meryem.celik@mail.com',N'Individual','2022-08-25',N'Kizi');
INSERT INTO GRAVE_OWNER (SSN,Address,PhoneNumber,Email,OwnerType,RegistrationDate,Relationship) VALUES (N'10000000042',N'Antalya Kepez 195. Sok. No:84',N'05504068738',N'zeynep.kara@mail.com',N'Individual','2021-09-18',N'Kizi');
INSERT INTO GRAVE_OWNER (SSN,Address,PhoneNumber,Email,OwnerType,RegistrationDate,Relationship) VALUES (N'10000000043',N'Antalya Kepez 194. Sok. No:73',N'05424541453',N'melek.yilmaz@mail.com',N'Institution','2025-07-16',N'Yegeni');
INSERT INTO GRAVE_OWNER (SSN,Address,PhoneNumber,Email,OwnerType,RegistrationDate,Relationship) VALUES (N'10000000044',N'Antalya Kepez 163. Sok. No:80',N'05472601805',N'sultan.yildirim@mail.com',N'Family','2026-05-01',N'Annesi');
INSERT INTO GRAVE_OWNER (SSN,Address,PhoneNumber,Email,OwnerType,RegistrationDate,Relationship) VALUES (N'10000000045',N'Antalya Kepez 18. Sok. No:61',N'05418047933',N'cemal.aslan@mail.com',N'Family','2021-09-10',N'Babasi');
INSERT INTO GRAVE_OWNER (SSN,Address,PhoneNumber,Email,OwnerType,RegistrationDate,Relationship) VALUES (N'10000000046',N'Antalya Kepez 15. Sok. No:46',N'05458758032',N'naciye.sahin@mail.com',N'Institution','2023-01-30',N'Oglu');
INSERT INTO GRAVE_OWNER (SSN,Address,PhoneNumber,Email,OwnerType,RegistrationDate,Relationship) VALUES (N'10000000047',N'Antalya Kepez 116. Sok. No:5',N'05423948054',N'cemal.aydin@mail.com',N'Individual','2023-06-25',N'Annesi');
INSERT INTO GRAVE_OWNER (SSN,Address,PhoneNumber,Email,OwnerType,RegistrationDate,Relationship) VALUES (N'10000000048',N'Antalya Kepez 166. Sok. No:12',N'05320597321',N'osman.celik@mail.com',N'Institution','2023-03-21',N'Gelini');
INSERT INTO GRAVE_OWNER (SSN,Address,PhoneNumber,Email,OwnerType,RegistrationDate,Relationship) VALUES (N'10000000049',N'Antalya Kepez 119. Sok. No:75',N'05403208729',N'havva.aksoy@mail.com',N'Institution','2025-09-07',N'Esi');
INSERT INTO GRAVE_OWNER (SSN,Address,PhoneNumber,Email,OwnerType,RegistrationDate,Relationship) VALUES (N'10000000050',N'Antalya Kepez 147. Sok. No:84',N'05544021239',N'nurten.kara@mail.com',N'Individual','2025-01-16',N'Annesi');
INSERT INTO GRAVE_OWNER (SSN,Address,PhoneNumber,Email,OwnerType,RegistrationDate,Relationship) VALUES (N'10000000051',N'Antalya Kepez 39. Sok. No:8',N'05434584761',N'kemal.dogan@mail.com',N'Family','2025-05-02',N'Oglu');
INSERT INTO GRAVE_OWNER (SSN,Address,PhoneNumber,Email,OwnerType,RegistrationDate,Relationship) VALUES (N'10000000052',N'Antalya Kepez 22. Sok. No:65',N'05491747621',N'sabahat.kurt@mail.com',N'Institution','2023-11-07',N'Kizi');
INSERT INTO GRAVE_OWNER (SSN,Address,PhoneNumber,Email,OwnerType,RegistrationDate,Relationship) VALUES (N'10000000053',N'Antalya Kepez 182. Sok. No:57',N'05366503199',N'gulsum.kilic@mail.com',N'Family','2020-06-09',N'Damadi');
INSERT INTO GRAVE_OWNER (SSN,Address,PhoneNumber,Email,OwnerType,RegistrationDate,Relationship) VALUES (N'10000000054',N'Antalya Kepez 41. Sok. No:47',N'05463693393',N'mehmet.kilic@mail.com',N'Family','2025-11-11',N'Babasi');
INSERT INTO GRAVE_OWNER (SSN,Address,PhoneNumber,Email,OwnerType,RegistrationDate,Relationship) VALUES (N'10000000055',N'Antalya Kepez 199. Sok. No:44',N'05409728198',N'selin.aktas@mail.com',N'Institution','2024-05-05',N'Gelini');
INSERT INTO GRAVE_OWNER (SSN,Address,PhoneNumber,Email,OwnerType,RegistrationDate,Relationship) VALUES (N'10000000056',N'Antalya Kepez 162. Sok. No:83',N'05511856490',N'sevim.koc@mail.com',N'Family','2020-08-02',N'Oglu');
INSERT INTO GRAVE_OWNER (SSN,Address,PhoneNumber,Email,OwnerType,RegistrationDate,Relationship) VALUES (N'10000000057',N'Antalya Kepez 143. Sok. No:87',N'05325368746',N'hulya.avci@mail.com',N'Family','2023-09-12',N'Babasi');
INSERT INTO GRAVE_OWNER (SSN,Address,PhoneNumber,Email,OwnerType,RegistrationDate,Relationship) VALUES (N'10000000058',N'Antalya Kepez 169. Sok. No:78',N'05494275772',N'serkan.yilmaz@mail.com',N'Individual','2022-10-29',N'Annesi');
INSERT INTO GRAVE_OWNER (SSN,Address,PhoneNumber,Email,OwnerType,RegistrationDate,Relationship) VALUES (N'10000000059',N'Antalya Kepez 170. Sok. No:19',N'05456427947',N'zeynep.korkmaz@mail.com',N'Family','2020-11-29',N'Babasi');
INSERT INTO GRAVE_OWNER (SSN,Address,PhoneNumber,Email,OwnerType,RegistrationDate,Relationship) VALUES (N'10000000060',N'Antalya Kepez 153. Sok. No:11',N'05334615196',N'nurgul.polat@mail.com',N'Family','2024-05-24',N'Damadi');
GO
-- ===== GRAVE_PLOT =====
INSERT INTO GRAVE_PLOT (PlotNumber,Length,Width,Latitude,Longitude,Status,ZoneID,MonumentCode) VALUES (N'PLT001',2.4,1.2,36.8965,30.6237,N'Occupied',N'Z007',N'M006');
INSERT INTO GRAVE_PLOT (PlotNumber,Length,Width,Latitude,Longitude,Status,ZoneID,MonumentCode) VALUES (N'PLT002',2.2,0.9,36.8965,30.62405,N'Occupied',N'Z002',N'M007');
INSERT INTO GRAVE_PLOT (PlotNumber,Length,Width,Latitude,Longitude,Status,ZoneID,MonumentCode) VALUES (N'PLT003',2.5,1.0,36.8965,30.6244,N'Occupied',N'Z005',N'M003');
INSERT INTO GRAVE_PLOT (PlotNumber,Length,Width,Latitude,Longitude,Status,ZoneID,MonumentCode) VALUES (N'PLT004',2.0,1.0,36.8965,30.62475,N'Occupied',N'Z008',N'M004');
INSERT INTO GRAVE_PLOT (PlotNumber,Length,Width,Latitude,Longitude,Status,ZoneID,MonumentCode) VALUES (N'PLT005',2.4,0.9,36.8965,30.6251,N'Occupied',N'Z002',N'M005');
INSERT INTO GRAVE_PLOT (PlotNumber,Length,Width,Latitude,Longitude,Status,ZoneID,MonumentCode) VALUES (N'PLT006',2.4,1.1,36.8965,30.62545,N'Occupied',N'Z001',N'M006');
INSERT INTO GRAVE_PLOT (PlotNumber,Length,Width,Latitude,Longitude,Status,ZoneID,MonumentCode) VALUES (N'PLT007',1.9,1.2,36.8965,30.6258,N'Occupied',N'Z007',N'M003');
INSERT INTO GRAVE_PLOT (PlotNumber,Length,Width,Latitude,Longitude,Status,ZoneID,MonumentCode) VALUES (N'PLT008',1.8,1.0,36.8965,30.62615,N'Occupied',N'Z003',N'M008');
INSERT INTO GRAVE_PLOT (PlotNumber,Length,Width,Latitude,Longitude,Status,ZoneID,MonumentCode) VALUES (N'PLT009',2.2,1.2,36.8965,30.6265,N'Occupied',N'Z004',N'M008');
INSERT INTO GRAVE_PLOT (PlotNumber,Length,Width,Latitude,Longitude,Status,ZoneID,MonumentCode) VALUES (N'PLT010',2.2,1.0,36.8965,30.62685,N'Occupied',N'Z008',N'M004');
INSERT INTO GRAVE_PLOT (PlotNumber,Length,Width,Latitude,Longitude,Status,ZoneID,MonumentCode) VALUES (N'PLT011',2.1,1.3,36.8965,30.6272,N'Occupied',N'Z008',N'M004');
INSERT INTO GRAVE_PLOT (PlotNumber,Length,Width,Latitude,Longitude,Status,ZoneID,MonumentCode) VALUES (N'PLT012',2.3,1.2,36.8965,30.62755,N'Occupied',N'Z008',N'M008');
INSERT INTO GRAVE_PLOT (PlotNumber,Length,Width,Latitude,Longitude,Status,ZoneID,MonumentCode) VALUES (N'PLT013',2.4,1.2,36.89685,30.6237,N'Occupied',N'Z007',N'M003');
INSERT INTO GRAVE_PLOT (PlotNumber,Length,Width,Latitude,Longitude,Status,ZoneID,MonumentCode) VALUES (N'PLT014',1.8,1.1,36.89685,30.62405,N'Occupied',N'Z003',N'M005');
INSERT INTO GRAVE_PLOT (PlotNumber,Length,Width,Latitude,Longitude,Status,ZoneID,MonumentCode) VALUES (N'PLT015',2.5,1.2,36.89685,30.6244,N'Occupied',N'Z006',N'M009');
INSERT INTO GRAVE_PLOT (PlotNumber,Length,Width,Latitude,Longitude,Status,ZoneID,MonumentCode) VALUES (N'PLT016',1.9,1.0,36.89685,30.62475,N'Occupied',N'Z002',N'M005');
INSERT INTO GRAVE_PLOT (PlotNumber,Length,Width,Latitude,Longitude,Status,ZoneID,MonumentCode) VALUES (N'PLT017',1.9,1.1,36.89685,30.6251,N'Occupied',N'Z008',N'M009');
INSERT INTO GRAVE_PLOT (PlotNumber,Length,Width,Latitude,Longitude,Status,ZoneID,MonumentCode) VALUES (N'PLT018',2.4,1.3,36.89685,30.62545,N'Occupied',N'Z004',N'M008');
INSERT INTO GRAVE_PLOT (PlotNumber,Length,Width,Latitude,Longitude,Status,ZoneID,MonumentCode) VALUES (N'PLT019',2.1,1.0,36.89685,30.6258,N'Occupied',N'Z007',N'M001');
INSERT INTO GRAVE_PLOT (PlotNumber,Length,Width,Latitude,Longitude,Status,ZoneID,MonumentCode) VALUES (N'PLT020',2.1,0.9,36.89685,30.62615,N'Occupied',N'Z007',N'M002');
INSERT INTO GRAVE_PLOT (PlotNumber,Length,Width,Latitude,Longitude,Status,ZoneID,MonumentCode) VALUES (N'PLT021',2.4,1.0,36.89685,30.6265,N'Occupied',N'Z002',N'M006');
INSERT INTO GRAVE_PLOT (PlotNumber,Length,Width,Latitude,Longitude,Status,ZoneID,MonumentCode) VALUES (N'PLT022',2.3,1.0,36.89685,30.62685,N'Occupied',N'Z005',N'M008');
INSERT INTO GRAVE_PLOT (PlotNumber,Length,Width,Latitude,Longitude,Status,ZoneID,MonumentCode) VALUES (N'PLT023',2.2,1.3,36.89685,30.6272,N'Occupied',N'Z008',N'M008');
INSERT INTO GRAVE_PLOT (PlotNumber,Length,Width,Latitude,Longitude,Status,ZoneID,MonumentCode) VALUES (N'PLT024',2.0,1.0,36.89685,30.62755,N'Occupied',N'Z001',N'M005');
INSERT INTO GRAVE_PLOT (PlotNumber,Length,Width,Latitude,Longitude,Status,ZoneID,MonumentCode) VALUES (N'PLT025',2.3,1.0,36.8972,30.6237,N'Occupied',N'Z007',N'M002');
INSERT INTO GRAVE_PLOT (PlotNumber,Length,Width,Latitude,Longitude,Status,ZoneID,MonumentCode) VALUES (N'PLT026',2.0,1.2,36.8972,30.62405,N'Occupied',N'Z002',N'M001');
INSERT INTO GRAVE_PLOT (PlotNumber,Length,Width,Latitude,Longitude,Status,ZoneID,MonumentCode) VALUES (N'PLT027',1.9,1.3,36.8972,30.6244,N'Occupied',N'Z008',N'M002');
INSERT INTO GRAVE_PLOT (PlotNumber,Length,Width,Latitude,Longitude,Status,ZoneID,MonumentCode) VALUES (N'PLT028',2.2,1.2,36.8972,30.62475,N'Occupied',N'Z001',N'M009');
INSERT INTO GRAVE_PLOT (PlotNumber,Length,Width,Latitude,Longitude,Status,ZoneID,MonumentCode) VALUES (N'PLT029',1.8,1.0,36.8972,30.6251,N'Occupied',N'Z005',N'M007');
INSERT INTO GRAVE_PLOT (PlotNumber,Length,Width,Latitude,Longitude,Status,ZoneID,MonumentCode) VALUES (N'PLT030',2.3,0.9,36.8972,30.62545,N'Occupied',N'Z007',N'M003');
INSERT INTO GRAVE_PLOT (PlotNumber,Length,Width,Latitude,Longitude,Status,ZoneID,MonumentCode) VALUES (N'PLT031',2.5,1.1,36.8972,30.6258,N'Occupied',N'Z006',N'M002');
INSERT INTO GRAVE_PLOT (PlotNumber,Length,Width,Latitude,Longitude,Status,ZoneID,MonumentCode) VALUES (N'PLT032',2.4,0.9,36.8972,30.62615,N'Occupied',N'Z001',N'M007');
INSERT INTO GRAVE_PLOT (PlotNumber,Length,Width,Latitude,Longitude,Status,ZoneID,MonumentCode) VALUES (N'PLT033',2.0,0.9,36.8972,30.6265,N'Occupied',N'Z007',N'M006');
INSERT INTO GRAVE_PLOT (PlotNumber,Length,Width,Latitude,Longitude,Status,ZoneID,MonumentCode) VALUES (N'PLT034',2.0,1.2,36.8972,30.62685,N'Occupied',N'Z002',N'M006');
INSERT INTO GRAVE_PLOT (PlotNumber,Length,Width,Latitude,Longitude,Status,ZoneID,MonumentCode) VALUES (N'PLT035',2.3,1.0,36.8972,30.6272,N'Occupied',N'Z002',N'M010');
INSERT INTO GRAVE_PLOT (PlotNumber,Length,Width,Latitude,Longitude,Status,ZoneID,MonumentCode) VALUES (N'PLT036',2.2,1.2,36.8972,30.62755,N'Occupied',N'Z001',N'M006');
INSERT INTO GRAVE_PLOT (PlotNumber,Length,Width,Latitude,Longitude,Status,ZoneID,MonumentCode) VALUES (N'PLT037',2.5,1.1,36.89755,30.6237,N'Occupied',N'Z003',N'M008');
INSERT INTO GRAVE_PLOT (PlotNumber,Length,Width,Latitude,Longitude,Status,ZoneID,MonumentCode) VALUES (N'PLT038',1.8,1.2,36.89755,30.62405,N'Occupied',N'Z003',N'M003');
INSERT INTO GRAVE_PLOT (PlotNumber,Length,Width,Latitude,Longitude,Status,ZoneID,MonumentCode) VALUES (N'PLT039',2.0,0.9,36.89755,30.6244,N'Occupied',N'Z008',N'M001');
INSERT INTO GRAVE_PLOT (PlotNumber,Length,Width,Latitude,Longitude,Status,ZoneID,MonumentCode) VALUES (N'PLT040',2.0,1.0,36.89755,30.62475,N'Occupied',N'Z004',N'M001');
INSERT INTO GRAVE_PLOT (PlotNumber,Length,Width,Latitude,Longitude,Status,ZoneID,MonumentCode) VALUES (N'PLT041',2.1,0.9,36.89755,30.6251,N'Occupied',N'Z007',N'M009');
INSERT INTO GRAVE_PLOT (PlotNumber,Length,Width,Latitude,Longitude,Status,ZoneID,MonumentCode) VALUES (N'PLT042',2.0,1.2,36.89755,30.62545,N'Occupied',N'Z004',N'M005');
INSERT INTO GRAVE_PLOT (PlotNumber,Length,Width,Latitude,Longitude,Status,ZoneID,MonumentCode) VALUES (N'PLT043',1.9,1.0,36.89755,30.6258,N'Occupied',N'Z006',N'M005');
INSERT INTO GRAVE_PLOT (PlotNumber,Length,Width,Latitude,Longitude,Status,ZoneID,MonumentCode) VALUES (N'PLT044',2.4,1.1,36.89755,30.62615,N'Occupied',N'Z007',N'M008');
INSERT INTO GRAVE_PLOT (PlotNumber,Length,Width,Latitude,Longitude,Status,ZoneID,MonumentCode) VALUES (N'PLT045',2.3,1.0,36.89755,30.6265,N'Occupied',N'Z003',N'M008');
INSERT INTO GRAVE_PLOT (PlotNumber,Length,Width,Latitude,Longitude,Status,ZoneID,MonumentCode) VALUES (N'PLT046',2.3,0.9,36.89755,30.62685,N'Occupied',N'Z005',N'M002');
INSERT INTO GRAVE_PLOT (PlotNumber,Length,Width,Latitude,Longitude,Status,ZoneID,MonumentCode) VALUES (N'PLT047',2.0,0.9,36.89755,30.6272,N'Occupied',N'Z003',N'M009');
INSERT INTO GRAVE_PLOT (PlotNumber,Length,Width,Latitude,Longitude,Status,ZoneID,MonumentCode) VALUES (N'PLT048',2.0,1.1,36.89755,30.62755,N'Occupied',N'Z006',N'M005');
INSERT INTO GRAVE_PLOT (PlotNumber,Length,Width,Latitude,Longitude,Status,ZoneID,MonumentCode) VALUES (N'PLT049',2.3,1.0,36.8979,30.6237,N'Occupied',N'Z007',N'M003');
INSERT INTO GRAVE_PLOT (PlotNumber,Length,Width,Latitude,Longitude,Status,ZoneID,MonumentCode) VALUES (N'PLT050',2.2,1.1,36.8979,30.62405,N'Occupied',N'Z001',N'M006');
INSERT INTO GRAVE_PLOT (PlotNumber,Length,Width,Latitude,Longitude,Status,ZoneID,MonumentCode) VALUES (N'PLT051',2.3,1.1,36.8979,30.6244,N'Occupied',N'Z001',N'M002');
INSERT INTO GRAVE_PLOT (PlotNumber,Length,Width,Latitude,Longitude,Status,ZoneID,MonumentCode) VALUES (N'PLT052',1.9,1.1,36.8979,30.62475,N'Occupied',N'Z003',N'M001');
INSERT INTO GRAVE_PLOT (PlotNumber,Length,Width,Latitude,Longitude,Status,ZoneID,MonumentCode) VALUES (N'PLT053',1.9,1.0,36.8979,30.6251,N'Occupied',N'Z008',N'M001');
INSERT INTO GRAVE_PLOT (PlotNumber,Length,Width,Latitude,Longitude,Status,ZoneID,MonumentCode) VALUES (N'PLT054',2.1,1.1,36.8979,30.62545,N'Occupied',N'Z006',N'M006');
INSERT INTO GRAVE_PLOT (PlotNumber,Length,Width,Latitude,Longitude,Status,ZoneID,MonumentCode) VALUES (N'PLT055',2.5,1.0,36.8979,30.6258,N'Occupied',N'Z003',N'M008');
INSERT INTO GRAVE_PLOT (PlotNumber,Length,Width,Latitude,Longitude,Status,ZoneID,MonumentCode) VALUES (N'PLT056',1.9,1.0,36.8979,30.62615,N'Occupied',N'Z002',N'M010');
INSERT INTO GRAVE_PLOT (PlotNumber,Length,Width,Latitude,Longitude,Status,ZoneID,MonumentCode) VALUES (N'PLT057',2.0,0.9,36.8979,30.6265,N'Occupied',N'Z006',N'M005');
INSERT INTO GRAVE_PLOT (PlotNumber,Length,Width,Latitude,Longitude,Status,ZoneID,MonumentCode) VALUES (N'PLT058',2.2,1.3,36.8979,30.62685,N'Occupied',N'Z003',N'M008');
INSERT INTO GRAVE_PLOT (PlotNumber,Length,Width,Latitude,Longitude,Status,ZoneID,MonumentCode) VALUES (N'PLT059',2.3,1.2,36.8979,30.6272,N'Occupied',N'Z002',N'M005');
INSERT INTO GRAVE_PLOT (PlotNumber,Length,Width,Latitude,Longitude,Status,ZoneID,MonumentCode) VALUES (N'PLT060',2.0,1.3,36.8979,30.62755,N'Occupied',N'Z004',N'M010');
INSERT INTO GRAVE_PLOT (PlotNumber,Length,Width,Latitude,Longitude,Status,ZoneID,MonumentCode) VALUES (N'PLT061',1.9,1.2,36.89825,30.6237,N'Occupied',N'Z008',N'M004');
INSERT INTO GRAVE_PLOT (PlotNumber,Length,Width,Latitude,Longitude,Status,ZoneID,MonumentCode) VALUES (N'PLT062',2.4,1.1,36.89825,30.62405,N'Occupied',N'Z008',N'M003');
INSERT INTO GRAVE_PLOT (PlotNumber,Length,Width,Latitude,Longitude,Status,ZoneID,MonumentCode) VALUES (N'PLT063',2.3,1.2,36.89825,30.6244,N'Occupied',N'Z002',N'M006');
INSERT INTO GRAVE_PLOT (PlotNumber,Length,Width,Latitude,Longitude,Status,ZoneID,MonumentCode) VALUES (N'PLT064',2.4,1.2,36.89825,30.62475,N'Occupied',N'Z005',N'M005');
INSERT INTO GRAVE_PLOT (PlotNumber,Length,Width,Latitude,Longitude,Status,ZoneID,MonumentCode) VALUES (N'PLT065',2.2,0.9,36.89825,30.6251,N'Occupied',N'Z003',N'M006');
INSERT INTO GRAVE_PLOT (PlotNumber,Length,Width,Latitude,Longitude,Status,ZoneID,MonumentCode) VALUES (N'PLT066',2.0,1.1,36.89825,30.62545,N'Occupied',N'Z004',N'M003');
INSERT INTO GRAVE_PLOT (PlotNumber,Length,Width,Latitude,Longitude,Status,ZoneID,MonumentCode) VALUES (N'PLT067',2.2,1.1,36.89825,30.6258,N'Occupied',N'Z006',N'M009');
INSERT INTO GRAVE_PLOT (PlotNumber,Length,Width,Latitude,Longitude,Status,ZoneID,MonumentCode) VALUES (N'PLT068',2.4,0.9,36.89825,30.62615,N'Occupied',N'Z003',N'M010');
INSERT INTO GRAVE_PLOT (PlotNumber,Length,Width,Latitude,Longitude,Status,ZoneID,MonumentCode) VALUES (N'PLT069',2.2,1.2,36.89825,30.6265,N'Occupied',N'Z007',N'M008');
INSERT INTO GRAVE_PLOT (PlotNumber,Length,Width,Latitude,Longitude,Status,ZoneID,MonumentCode) VALUES (N'PLT070',2.5,1.2,36.89825,30.62685,N'Occupied',N'Z002',N'M003');
INSERT INTO GRAVE_PLOT (PlotNumber,Length,Width,Latitude,Longitude,Status,ZoneID,MonumentCode) VALUES (N'PLT071',2.3,1.0,36.89825,30.6272,N'Occupied',N'Z008',N'M008');
INSERT INTO GRAVE_PLOT (PlotNumber,Length,Width,Latitude,Longitude,Status,ZoneID,MonumentCode) VALUES (N'PLT072',2.1,1.3,36.89825,30.62755,N'Occupied',N'Z003',N'M003');
INSERT INTO GRAVE_PLOT (PlotNumber,Length,Width,Latitude,Longitude,Status,ZoneID,MonumentCode) VALUES (N'PLT073',2.2,1.0,36.8986,30.6237,N'Occupied',N'Z001',N'M002');
INSERT INTO GRAVE_PLOT (PlotNumber,Length,Width,Latitude,Longitude,Status,ZoneID,MonumentCode) VALUES (N'PLT074',2.5,1.0,36.8986,30.62405,N'Occupied',N'Z003',N'M006');
INSERT INTO GRAVE_PLOT (PlotNumber,Length,Width,Latitude,Longitude,Status,ZoneID,MonumentCode) VALUES (N'PLT075',2.0,1.2,36.8986,30.6244,N'Occupied',N'Z005',N'M002');
INSERT INTO GRAVE_PLOT (PlotNumber,Length,Width,Latitude,Longitude,Status,ZoneID,MonumentCode) VALUES (N'PLT076',2.2,1.1,36.8986,30.62475,N'Occupied',N'Z005',N'M003');
INSERT INTO GRAVE_PLOT (PlotNumber,Length,Width,Latitude,Longitude,Status,ZoneID,MonumentCode) VALUES (N'PLT077',2.2,1.1,36.8986,30.6251,N'Occupied',N'Z002',N'M009');
INSERT INTO GRAVE_PLOT (PlotNumber,Length,Width,Latitude,Longitude,Status,ZoneID,MonumentCode) VALUES (N'PLT078',2.3,1.2,36.8986,30.62545,N'Occupied',N'Z003',N'M003');
INSERT INTO GRAVE_PLOT (PlotNumber,Length,Width,Latitude,Longitude,Status,ZoneID,MonumentCode) VALUES (N'PLT079',1.8,1.2,36.8986,30.6258,N'Occupied',N'Z006',N'M010');
INSERT INTO GRAVE_PLOT (PlotNumber,Length,Width,Latitude,Longitude,Status,ZoneID,MonumentCode) VALUES (N'PLT080',2.5,1.2,36.8986,30.62615,N'Occupied',N'Z002',N'M001');
INSERT INTO GRAVE_PLOT (PlotNumber,Length,Width,Latitude,Longitude,Status,ZoneID,MonumentCode) VALUES (N'PLT081',2.3,1.1,36.8986,30.6265,N'Occupied',N'Z005',N'M004');
INSERT INTO GRAVE_PLOT (PlotNumber,Length,Width,Latitude,Longitude,Status,ZoneID,MonumentCode) VALUES (N'PLT082',2.4,1.1,36.8986,30.62685,N'Occupied',N'Z001',N'M008');
INSERT INTO GRAVE_PLOT (PlotNumber,Length,Width,Latitude,Longitude,Status,ZoneID,MonumentCode) VALUES (N'PLT083',2.0,1.2,36.8986,30.6272,N'Occupied',N'Z005',N'M008');
INSERT INTO GRAVE_PLOT (PlotNumber,Length,Width,Latitude,Longitude,Status,ZoneID,MonumentCode) VALUES (N'PLT084',2.1,1.2,36.8986,30.62755,N'Occupied',N'Z007',N'M005');
INSERT INTO GRAVE_PLOT (PlotNumber,Length,Width,Latitude,Longitude,Status,ZoneID,MonumentCode) VALUES (N'PLT085',2.1,1.1,36.89895,30.6237,N'Occupied',N'Z003',N'M008');
INSERT INTO GRAVE_PLOT (PlotNumber,Length,Width,Latitude,Longitude,Status,ZoneID,MonumentCode) VALUES (N'PLT086',1.9,1.2,36.89895,30.62405,N'Occupied',N'Z006',N'M010');
INSERT INTO GRAVE_PLOT (PlotNumber,Length,Width,Latitude,Longitude,Status,ZoneID,MonumentCode) VALUES (N'PLT087',2.5,1.0,36.89895,30.6244,N'Occupied',N'Z006',N'M006');
INSERT INTO GRAVE_PLOT (PlotNumber,Length,Width,Latitude,Longitude,Status,ZoneID,MonumentCode) VALUES (N'PLT088',2.2,1.0,36.89895,30.62475,N'Occupied',N'Z006',N'M009');
INSERT INTO GRAVE_PLOT (PlotNumber,Length,Width,Latitude,Longitude,Status,ZoneID,MonumentCode) VALUES (N'PLT089',2.0,1.0,36.89895,30.6251,N'Occupied',N'Z008',N'M002');
INSERT INTO GRAVE_PLOT (PlotNumber,Length,Width,Latitude,Longitude,Status,ZoneID,MonumentCode) VALUES (N'PLT090',2.0,1.1,36.89895,30.62545,N'Occupied',N'Z002',N'M001');
INSERT INTO GRAVE_PLOT (PlotNumber,Length,Width,Latitude,Longitude,Status,ZoneID,MonumentCode) VALUES (N'PLT091',2.5,1.3,36.89895,30.6258,N'Occupied',N'Z007',N'M004');
INSERT INTO GRAVE_PLOT (PlotNumber,Length,Width,Latitude,Longitude,Status,ZoneID,MonumentCode) VALUES (N'PLT092',2.3,1.0,36.89895,30.62615,N'Occupied',N'Z006',N'M010');
INSERT INTO GRAVE_PLOT (PlotNumber,Length,Width,Latitude,Longitude,Status,ZoneID,MonumentCode) VALUES (N'PLT093',2.5,1.1,36.89895,30.6265,N'Occupied',N'Z003',N'M008');
INSERT INTO GRAVE_PLOT (PlotNumber,Length,Width,Latitude,Longitude,Status,ZoneID,MonumentCode) VALUES (N'PLT094',1.8,1.3,36.89895,30.62685,N'Occupied',N'Z005',N'M008');
INSERT INTO GRAVE_PLOT (PlotNumber,Length,Width,Latitude,Longitude,Status,ZoneID,MonumentCode) VALUES (N'PLT095',2.0,1.0,36.89895,30.6272,N'Occupied',N'Z008',N'M004');
INSERT INTO GRAVE_PLOT (PlotNumber,Length,Width,Latitude,Longitude,Status,ZoneID,MonumentCode) VALUES (N'PLT096',2.0,1.1,36.89895,30.62755,N'Available',N'Z001',NULL);
INSERT INTO GRAVE_PLOT (PlotNumber,Length,Width,Latitude,Longitude,Status,ZoneID,MonumentCode) VALUES (N'PLT097',2.0,0.9,36.8993,30.6237,N'Available',N'Z008',NULL);
INSERT INTO GRAVE_PLOT (PlotNumber,Length,Width,Latitude,Longitude,Status,ZoneID,MonumentCode) VALUES (N'PLT098',2.1,1.3,36.8993,30.62405,N'Available',N'Z002',NULL);
INSERT INTO GRAVE_PLOT (PlotNumber,Length,Width,Latitude,Longitude,Status,ZoneID,MonumentCode) VALUES (N'PLT099',2.3,1.0,36.8993,30.6244,N'Available',N'Z006',NULL);
INSERT INTO GRAVE_PLOT (PlotNumber,Length,Width,Latitude,Longitude,Status,ZoneID,MonumentCode) VALUES (N'PLT100',1.8,1.1,36.8993,30.62475,N'Available',N'Z007',NULL);
INSERT INTO GRAVE_PLOT (PlotNumber,Length,Width,Latitude,Longitude,Status,ZoneID,MonumentCode) VALUES (N'PLT101',2.2,0.9,36.8993,30.6251,N'Available',N'Z006',NULL);
INSERT INTO GRAVE_PLOT (PlotNumber,Length,Width,Latitude,Longitude,Status,ZoneID,MonumentCode) VALUES (N'PLT102',2.3,1.0,36.8993,30.62545,N'Available',N'Z008',NULL);
INSERT INTO GRAVE_PLOT (PlotNumber,Length,Width,Latitude,Longitude,Status,ZoneID,MonumentCode) VALUES (N'PLT103',1.9,0.9,36.8993,30.6258,N'Available',N'Z002',NULL);
INSERT INTO GRAVE_PLOT (PlotNumber,Length,Width,Latitude,Longitude,Status,ZoneID,MonumentCode) VALUES (N'PLT104',2.4,1.0,36.8993,30.62615,N'Available',N'Z006',NULL);
INSERT INTO GRAVE_PLOT (PlotNumber,Length,Width,Latitude,Longitude,Status,ZoneID,MonumentCode) VALUES (N'PLT105',2.3,1.0,36.8993,30.6265,N'Available',N'Z006',NULL);
INSERT INTO GRAVE_PLOT (PlotNumber,Length,Width,Latitude,Longitude,Status,ZoneID,MonumentCode) VALUES (N'PLT106',2.2,0.9,36.8993,30.62685,N'Available',N'Z007',NULL);
INSERT INTO GRAVE_PLOT (PlotNumber,Length,Width,Latitude,Longitude,Status,ZoneID,MonumentCode) VALUES (N'PLT107',2.3,1.2,36.8993,30.6272,N'Available',N'Z003',NULL);
INSERT INTO GRAVE_PLOT (PlotNumber,Length,Width,Latitude,Longitude,Status,ZoneID,MonumentCode) VALUES (N'PLT108',1.9,1.3,36.8993,30.62755,N'Available',N'Z008',NULL);
INSERT INTO GRAVE_PLOT (PlotNumber,Length,Width,Latitude,Longitude,Status,ZoneID,MonumentCode) VALUES (N'PLT109',2.0,1.1,36.89965,30.6237,N'Available',N'Z003',NULL);
INSERT INTO GRAVE_PLOT (PlotNumber,Length,Width,Latitude,Longitude,Status,ZoneID,MonumentCode) VALUES (N'PLT110',2.1,1.1,36.89965,30.62405,N'Available',N'Z003',NULL);
INSERT INTO GRAVE_PLOT (PlotNumber,Length,Width,Latitude,Longitude,Status,ZoneID,MonumentCode) VALUES (N'PLT111',2.2,1.1,36.89965,30.6244,N'Available',N'Z005',NULL);
INSERT INTO GRAVE_PLOT (PlotNumber,Length,Width,Latitude,Longitude,Status,ZoneID,MonumentCode) VALUES (N'PLT112',2.3,1.0,36.89965,30.62475,N'Available',N'Z008',NULL);
INSERT INTO GRAVE_PLOT (PlotNumber,Length,Width,Latitude,Longitude,Status,ZoneID,MonumentCode) VALUES (N'PLT113',2.1,1.2,36.89965,30.6251,N'Available',N'Z001',NULL);
INSERT INTO GRAVE_PLOT (PlotNumber,Length,Width,Latitude,Longitude,Status,ZoneID,MonumentCode) VALUES (N'PLT114',2.2,1.2,36.89965,30.62545,N'Available',N'Z007',NULL);
INSERT INTO GRAVE_PLOT (PlotNumber,Length,Width,Latitude,Longitude,Status,ZoneID,MonumentCode) VALUES (N'PLT115',2.2,1.0,36.89965,30.6258,N'Available',N'Z001',NULL);
INSERT INTO GRAVE_PLOT (PlotNumber,Length,Width,Latitude,Longitude,Status,ZoneID,MonumentCode) VALUES (N'PLT116',2.3,1.1,36.89965,30.62615,N'Available',N'Z004',NULL);
INSERT INTO GRAVE_PLOT (PlotNumber,Length,Width,Latitude,Longitude,Status,ZoneID,MonumentCode) VALUES (N'PLT117',2.2,1.2,36.89965,30.6265,N'Available',N'Z003',NULL);
INSERT INTO GRAVE_PLOT (PlotNumber,Length,Width,Latitude,Longitude,Status,ZoneID,MonumentCode) VALUES (N'PLT118',2.4,1.0,36.89965,30.62685,N'Reserved',N'Z007',N'M003');
INSERT INTO GRAVE_PLOT (PlotNumber,Length,Width,Latitude,Longitude,Status,ZoneID,MonumentCode) VALUES (N'PLT119',1.8,1.0,36.89965,30.6272,N'Reserved',N'Z002',N'M004');
INSERT INTO GRAVE_PLOT (PlotNumber,Length,Width,Latitude,Longitude,Status,ZoneID,MonumentCode) VALUES (N'PLT120',2.3,1.1,36.89965,30.62755,N'Reserved',N'Z003',N'M007');
INSERT INTO GRAVE_PLOT (PlotNumber,Length,Width,Latitude,Longitude,Status,ZoneID,MonumentCode) VALUES (N'PLT121',2.3,1.1,36.9,30.6237,N'Reserved',N'Z008',N'M001');
INSERT INTO GRAVE_PLOT (PlotNumber,Length,Width,Latitude,Longitude,Status,ZoneID,MonumentCode) VALUES (N'PLT122',2.2,1.0,36.9,30.62405,N'Reserved',N'Z006',N'M008');
INSERT INTO GRAVE_PLOT (PlotNumber,Length,Width,Latitude,Longitude,Status,ZoneID,MonumentCode) VALUES (N'PLT123',2.4,1.0,36.9,30.6244,N'Reserved',N'Z003',N'M008');
INSERT INTO GRAVE_PLOT (PlotNumber,Length,Width,Latitude,Longitude,Status,ZoneID,MonumentCode) VALUES (N'PLT124',2.2,1.0,36.9,30.62475,N'Reserved',N'Z006',N'M005');
INSERT INTO GRAVE_PLOT (PlotNumber,Length,Width,Latitude,Longitude,Status,ZoneID,MonumentCode) VALUES (N'PLT125',2.2,1.0,36.9,30.6251,N'Reserved',N'Z004',N'M005');
INSERT INTO GRAVE_PLOT (PlotNumber,Length,Width,Latitude,Longitude,Status,ZoneID,MonumentCode) VALUES (N'PLT126',2.3,1.2,36.9,30.62545,N'Reserved',N'Z005',N'M005');
INSERT INTO GRAVE_PLOT (PlotNumber,Length,Width,Latitude,Longitude,Status,ZoneID,MonumentCode) VALUES (N'PLT127',2.1,1.1,36.9,30.6258,N'Reserved',N'Z008',N'M006');
INSERT INTO GRAVE_PLOT (PlotNumber,Length,Width,Latitude,Longitude,Status,ZoneID,MonumentCode) VALUES (N'PLT128',2.0,1.1,36.9,30.62615,N'Maintenance',N'Z005',NULL);
INSERT INTO GRAVE_PLOT (PlotNumber,Length,Width,Latitude,Longitude,Status,ZoneID,MonumentCode) VALUES (N'PLT129',2.4,1.1,36.9,30.6265,N'Maintenance',N'Z007',NULL);
INSERT INTO GRAVE_PLOT (PlotNumber,Length,Width,Latitude,Longitude,Status,ZoneID,MonumentCode) VALUES (N'PLT130',2.5,1.2,36.9,30.62685,N'Maintenance',N'Z006',NULL);
INSERT INTO GRAVE_PLOT (PlotNumber,Length,Width,Latitude,Longitude,Status,ZoneID,MonumentCode) VALUES (N'PLT131',1.8,1.3,36.9,30.6272,N'Maintenance',N'Z005',NULL);
INSERT INTO GRAVE_PLOT (PlotNumber,Length,Width,Latitude,Longitude,Status,ZoneID,MonumentCode) VALUES (N'PLT132',2.0,1.1,36.9,30.62755,N'Maintenance',N'Z002',NULL);
INSERT INTO GRAVE_PLOT (PlotNumber,Length,Width,Latitude,Longitude,Status,ZoneID,MonumentCode) VALUES (N'PLT133',2.3,1.0,36.90035,30.6237,N'Maintenance',N'Z005',NULL);
GO
-- ===== BURIAL_PERMIT =====
GO
-- ===== DECEASED_PERSON + BURIAL_PERMIT =====
INSERT INTO BURIAL_PERMIT (PermitNumber,IssuingAuthority,IssueDate,ExpirationDate,AuthorizedSignature) VALUES (N'PRM0001',N'Bakanlik','2025-01-03','2035-01-03',N'Dr. Veli Sahin');
INSERT INTO DECEASED_PERSON (SSN,DateOfDeath,BurialDate,CauseOfDeath,Religion,VeteranStatus,FuneralPreferences,PlotNumber,PermitNumber) VALUES (N'10000000061','2025-01-06','2025-01-09',N'Yaslilik',N'Musevi',N'No',N'Torenli',N'PLT001',N'PRM0001');
INSERT INTO BURIAL_PERMIT (PermitNumber,IssuingAuthority,IssueDate,ExpirationDate,AuthorizedSignature) VALUES (N'PRM0002',N'Belediye','2023-10-09','2033-10-09',N'Dr. Veli Sahin');
INSERT INTO DECEASED_PERSON (SSN,DateOfDeath,BurialDate,CauseOfDeath,Religion,VeteranStatus,FuneralPreferences,PlotNumber,PermitNumber) VALUES (N'10000000062','2023-10-12','2023-10-15',N'Kalp krizi',N'Islam',N'No',N'Askeri',N'PLT002',N'PRM0002');
INSERT INTO BURIAL_PERMIT (PermitNumber,IssuingAuthority,IssueDate,ExpirationDate,AuthorizedSignature) VALUES (N'PRM0003',N'Belediye','2026-02-21','2036-02-21',N'Dr. Ali Vural');
INSERT INTO DECEASED_PERSON (SSN,DateOfDeath,BurialDate,CauseOfDeath,Religion,VeteranStatus,FuneralPreferences,PlotNumber,PermitNumber) VALUES (N'10000000063','2026-02-22','2026-02-25',N'Beyin kanamasi',N'Islam',N'No',N'Aile',N'PLT003',N'PRM0003');
INSERT INTO BURIAL_PERMIT (PermitNumber,IssuingAuthority,IssueDate,ExpirationDate,AuthorizedSignature) VALUES (N'PRM0004',N'Bakanlik','2026-03-01','2036-03-01',N'Dr. Cem Aksoy');
INSERT INTO DECEASED_PERSON (SSN,DateOfDeath,BurialDate,CauseOfDeath,Religion,VeteranStatus,FuneralPreferences,PlotNumber,PermitNumber) VALUES (N'10000000064','2026-03-04','2026-03-05',N'Zaturre',N'Islam',N'Yes',N'Sade',N'PLT004',N'PRM0004');
INSERT INTO BURIAL_PERMIT (PermitNumber,IssuingAuthority,IssueDate,ExpirationDate,AuthorizedSignature) VALUES (N'PRM0005',N'Belediye','2024-10-15','2034-10-15',N'Dr. Veli Sahin');
INSERT INTO DECEASED_PERSON (SSN,DateOfDeath,BurialDate,CauseOfDeath,Religion,VeteranStatus,FuneralPreferences,PlotNumber,PermitNumber) VALUES (N'10000000065','2024-10-18','2024-10-21',N'Diyabet',N'Islam',N'Yes',N'Aile',N'PLT005',N'PRM0005');
INSERT INTO BURIAL_PERMIT (PermitNumber,IssuingAuthority,IssueDate,ExpirationDate,AuthorizedSignature) VALUES (N'PRM0006',N'Bakanlik','2026-04-09','2036-04-09',N'Dr. Ali Vural');
INSERT INTO DECEASED_PERSON (SSN,DateOfDeath,BurialDate,CauseOfDeath,Religion,VeteranStatus,FuneralPreferences,PlotNumber,PermitNumber) VALUES (N'10000000066','2026-04-10','2026-04-13',N'Kalp krizi',N'Islam',N'Yes',N'Askeri',N'PLT006',N'PRM0006');
INSERT INTO BURIAL_PERMIT (PermitNumber,IssuingAuthority,IssueDate,ExpirationDate,AuthorizedSignature) VALUES (N'PRM0007',N'Bakanlik','2025-01-31','2035-01-31',N'Dr. Veli Sahin');
INSERT INTO DECEASED_PERSON (SSN,DateOfDeath,BurialDate,CauseOfDeath,Religion,VeteranStatus,FuneralPreferences,PlotNumber,PermitNumber) VALUES (N'10000000067','2025-02-02','2025-02-05',N'Beyin kanamasi',N'Islam',N'No',N'Torenli',N'PLT007',N'PRM0007');
INSERT INTO BURIAL_PERMIT (PermitNumber,IssuingAuthority,IssueDate,ExpirationDate,AuthorizedSignature) VALUES (N'PRM0008',N'Bakanlik','2024-02-14','2034-02-14',N'Dr. Cem Aksoy');
INSERT INTO DECEASED_PERSON (SSN,DateOfDeath,BurialDate,CauseOfDeath,Religion,VeteranStatus,FuneralPreferences,PlotNumber,PermitNumber) VALUES (N'10000000068','2024-02-16','2024-02-17',N'Enfeksiyon',N'Islam',N'Yes',N'Askeri',N'PLT008',N'PRM0008');
INSERT INTO BURIAL_PERMIT (PermitNumber,IssuingAuthority,IssueDate,ExpirationDate,AuthorizedSignature) VALUES (N'PRM0009',N'Belediye','2025-02-21','2035-02-21',N'Dr. Veli Sahin');
INSERT INTO DECEASED_PERSON (SSN,DateOfDeath,BurialDate,CauseOfDeath,Religion,VeteranStatus,FuneralPreferences,PlotNumber,PermitNumber) VALUES (N'10000000069','2025-02-24','2025-02-27',N'Solunum yetmezligi',N'Islam',N'No',N'Sade',N'PLT009',N'PRM0009');
INSERT INTO BURIAL_PERMIT (PermitNumber,IssuingAuthority,IssueDate,ExpirationDate,AuthorizedSignature) VALUES (N'PRM0010',N'Belediye','2025-05-01','2035-05-01',N'Dr. Veli Sahin');
INSERT INTO DECEASED_PERSON (SSN,DateOfDeath,BurialDate,CauseOfDeath,Religion,VeteranStatus,FuneralPreferences,PlotNumber,PermitNumber) VALUES (N'10000000070','2025-05-02','2025-05-04',N'Kanser',N'Islam',N'No',N'Torenli',N'PLT010',N'PRM0010');
INSERT INTO BURIAL_PERMIT (PermitNumber,IssuingAuthority,IssueDate,ExpirationDate,AuthorizedSignature) VALUES (N'PRM0011',N'Belediye','2023-07-12','2033-07-12',N'Dr. Nur Demir');
INSERT INTO DECEASED_PERSON (SSN,DateOfDeath,BurialDate,CauseOfDeath,Religion,VeteranStatus,FuneralPreferences,PlotNumber,PermitNumber) VALUES (N'10000000071','2023-07-14','2023-07-16',N'Zaturre',N'Islam',N'No',N'Sade',N'PLT011',N'PRM0011');
INSERT INTO BURIAL_PERMIT (PermitNumber,IssuingAuthority,IssueDate,ExpirationDate,AuthorizedSignature) VALUES (N'PRM0012',N'Bakanlik','2023-07-22','2033-07-22',N'Dr. Veli Sahin');
INSERT INTO DECEASED_PERSON (SSN,DateOfDeath,BurialDate,CauseOfDeath,Religion,VeteranStatus,FuneralPreferences,PlotNumber,PermitNumber) VALUES (N'10000000072','2023-07-24','2023-07-27',N'Kalp krizi',N'Islam',N'No',N'Askeri',N'PLT012',N'PRM0012');
INSERT INTO BURIAL_PERMIT (PermitNumber,IssuingAuthority,IssueDate,ExpirationDate,AuthorizedSignature) VALUES (N'PRM0013',N'Bakanlik','2024-05-21','2034-05-21',N'Dr. Ali Vural');
INSERT INTO DECEASED_PERSON (SSN,DateOfDeath,BurialDate,CauseOfDeath,Religion,VeteranStatus,FuneralPreferences,PlotNumber,PermitNumber) VALUES (N'10000000073','2024-05-23','2024-05-26',N'Bobrek yetmezligi',N'Islam',N'No',N'Sade',N'PLT013',N'PRM0013');
INSERT INTO BURIAL_PERMIT (PermitNumber,IssuingAuthority,IssueDate,ExpirationDate,AuthorizedSignature) VALUES (N'PRM0014',N'Bakanlik','2024-09-24','2034-09-24',N'Dr. Veli Sahin');
INSERT INTO DECEASED_PERSON (SSN,DateOfDeath,BurialDate,CauseOfDeath,Religion,VeteranStatus,FuneralPreferences,PlotNumber,PermitNumber) VALUES (N'10000000074','2024-09-25','2024-09-26',N'Kalp yetmezligi',N'Musevi',N'No',N'Aile',N'PLT014',N'PRM0014');
INSERT INTO BURIAL_PERMIT (PermitNumber,IssuingAuthority,IssueDate,ExpirationDate,AuthorizedSignature) VALUES (N'PRM0015',N'Belediye','2026-02-16','2036-02-16',N'Dr. Veli Sahin');
INSERT INTO DECEASED_PERSON (SSN,DateOfDeath,BurialDate,CauseOfDeath,Religion,VeteranStatus,FuneralPreferences,PlotNumber,PermitNumber) VALUES (N'10000000075','2026-02-19','2026-02-22',N'Bobrek yetmezligi',N'Musevi',N'Yes',N'Sade',N'PLT015',N'PRM0015');
INSERT INTO BURIAL_PERMIT (PermitNumber,IssuingAuthority,IssueDate,ExpirationDate,AuthorizedSignature) VALUES (N'PRM0016',N'Bakanlik','2025-12-28','2035-12-28',N'Dr. Ali Vural');
INSERT INTO DECEASED_PERSON (SSN,DateOfDeath,BurialDate,CauseOfDeath,Religion,VeteranStatus,FuneralPreferences,PlotNumber,PermitNumber) VALUES (N'10000000076','2025-12-31','2026-01-03',N'Solunum yetmezligi',N'Islam',N'Yes',N'Sade',N'PLT016',N'PRM0016');
INSERT INTO BURIAL_PERMIT (PermitNumber,IssuingAuthority,IssueDate,ExpirationDate,AuthorizedSignature) VALUES (N'PRM0017',N'Belediye','2026-04-30','2036-04-30',N'Dr. Veli Sahin');
INSERT INTO DECEASED_PERSON (SSN,DateOfDeath,BurialDate,CauseOfDeath,Religion,VeteranStatus,FuneralPreferences,PlotNumber,PermitNumber) VALUES (N'10000000077','2026-05-01','2026-05-04',N'Felc',N'Hristiyan',N'No',N'Normal',N'PLT017',N'PRM0017');
INSERT INTO BURIAL_PERMIT (PermitNumber,IssuingAuthority,IssueDate,ExpirationDate,AuthorizedSignature) VALUES (N'PRM0018',N'Bakanlik','2024-08-21','2034-08-21',N'Dr. Ali Vural');
INSERT INTO DECEASED_PERSON (SSN,DateOfDeath,BurialDate,CauseOfDeath,Religion,VeteranStatus,FuneralPreferences,PlotNumber,PermitNumber) VALUES (N'10000000078','2024-08-24','2024-08-27',N'Beyin kanamasi',N'Islam',N'Yes',N'Aile',N'PLT018',N'PRM0018');
INSERT INTO BURIAL_PERMIT (PermitNumber,IssuingAuthority,IssueDate,ExpirationDate,AuthorizedSignature) VALUES (N'PRM0019',N'Bakanlik','2024-03-24','2034-03-24',N'Dr. Ali Vural');
INSERT INTO DECEASED_PERSON (SSN,DateOfDeath,BurialDate,CauseOfDeath,Religion,VeteranStatus,FuneralPreferences,PlotNumber,PermitNumber) VALUES (N'10000000079','2024-03-27','2024-03-29',N'Beyin kanamasi',N'Islam',N'No',N'Normal',N'PLT019',N'PRM0019');
INSERT INTO BURIAL_PERMIT (PermitNumber,IssuingAuthority,IssueDate,ExpirationDate,AuthorizedSignature) VALUES (N'PRM0020',N'Belediye','2025-09-16','2035-09-16',N'Dr. Ali Vural');
INSERT INTO DECEASED_PERSON (SSN,DateOfDeath,BurialDate,CauseOfDeath,Religion,VeteranStatus,FuneralPreferences,PlotNumber,PermitNumber) VALUES (N'10000000080','2025-09-18','2025-09-19',N'Kalp krizi',N'Islam',N'No',N'Normal',N'PLT020',N'PRM0020');
INSERT INTO BURIAL_PERMIT (PermitNumber,IssuingAuthority,IssueDate,ExpirationDate,AuthorizedSignature) VALUES (N'PRM0021',N'Belediye','2023-10-31','2033-10-31',N'Dr. Cem Aksoy');
INSERT INTO DECEASED_PERSON (SSN,DateOfDeath,BurialDate,CauseOfDeath,Religion,VeteranStatus,FuneralPreferences,PlotNumber,PermitNumber) VALUES (N'10000000081','2023-11-01','2023-11-03',N'Diyabet',N'Islam',N'No',N'Aile',N'PLT021',N'PRM0021');
INSERT INTO BURIAL_PERMIT (PermitNumber,IssuingAuthority,IssueDate,ExpirationDate,AuthorizedSignature) VALUES (N'PRM0022',N'Bakanlik','2025-08-03','2035-08-03',N'Dr. Nur Demir');
INSERT INTO DECEASED_PERSON (SSN,DateOfDeath,BurialDate,CauseOfDeath,Religion,VeteranStatus,FuneralPreferences,PlotNumber,PermitNumber) VALUES (N'10000000082','2025-08-05','2025-08-07',N'Yaslilik',N'Hristiyan',N'No',N'Askeri',N'PLT022',N'PRM0022');
INSERT INTO BURIAL_PERMIT (PermitNumber,IssuingAuthority,IssueDate,ExpirationDate,AuthorizedSignature) VALUES (N'PRM0023',N'Bakanlik','2024-02-27','2034-02-27',N'Dr. Veli Sahin');
INSERT INTO DECEASED_PERSON (SSN,DateOfDeath,BurialDate,CauseOfDeath,Religion,VeteranStatus,FuneralPreferences,PlotNumber,PermitNumber) VALUES (N'10000000083','2024-02-28','2024-03-02',N'Enfeksiyon',N'Islam',N'Yes',N'Normal',N'PLT023',N'PRM0023');
INSERT INTO BURIAL_PERMIT (PermitNumber,IssuingAuthority,IssueDate,ExpirationDate,AuthorizedSignature) VALUES (N'PRM0024',N'Bakanlik','2025-03-01','2035-03-01',N'Dr. Nur Demir');
INSERT INTO DECEASED_PERSON (SSN,DateOfDeath,BurialDate,CauseOfDeath,Religion,VeteranStatus,FuneralPreferences,PlotNumber,PermitNumber) VALUES (N'10000000084','2025-03-03','2025-03-06',N'Trafik kazasi',N'Islam',N'No',N'Askeri',N'PLT024',N'PRM0024');
INSERT INTO BURIAL_PERMIT (PermitNumber,IssuingAuthority,IssueDate,ExpirationDate,AuthorizedSignature) VALUES (N'PRM0025',N'Belediye','2024-05-11','2034-05-11',N'Dr. Ali Vural');
INSERT INTO DECEASED_PERSON (SSN,DateOfDeath,BurialDate,CauseOfDeath,Religion,VeteranStatus,FuneralPreferences,PlotNumber,PermitNumber) VALUES (N'10000000085','2024-05-13','2024-05-14',N'Bobrek yetmezligi',N'Islam',N'Yes',N'Torenli',N'PLT025',N'PRM0025');
INSERT INTO BURIAL_PERMIT (PermitNumber,IssuingAuthority,IssueDate,ExpirationDate,AuthorizedSignature) VALUES (N'PRM0026',N'Belediye','2024-08-25','2034-08-25',N'Dr. Nur Demir');
INSERT INTO DECEASED_PERSON (SSN,DateOfDeath,BurialDate,CauseOfDeath,Religion,VeteranStatus,FuneralPreferences,PlotNumber,PermitNumber) VALUES (N'10000000086','2024-08-26','2024-08-27',N'Solunum yetmezligi',N'Islam',N'No',N'Normal',N'PLT026',N'PRM0026');
INSERT INTO BURIAL_PERMIT (PermitNumber,IssuingAuthority,IssueDate,ExpirationDate,AuthorizedSignature) VALUES (N'PRM0027',N'Belediye','2025-09-29','2035-09-29',N'Dr. Ali Vural');
INSERT INTO DECEASED_PERSON (SSN,DateOfDeath,BurialDate,CauseOfDeath,Religion,VeteranStatus,FuneralPreferences,PlotNumber,PermitNumber) VALUES (N'10000000087','2025-10-01','2025-10-02',N'Kanser',N'Hristiyan',N'No',N'Torenli',N'PLT027',N'PRM0027');
INSERT INTO BURIAL_PERMIT (PermitNumber,IssuingAuthority,IssueDate,ExpirationDate,AuthorizedSignature) VALUES (N'PRM0028',N'Bakanlik','2025-04-11','2035-04-11',N'Dr. Veli Sahin');
INSERT INTO DECEASED_PERSON (SSN,DateOfDeath,BurialDate,CauseOfDeath,Religion,VeteranStatus,FuneralPreferences,PlotNumber,PermitNumber) VALUES (N'10000000088','2025-04-14','2025-04-17',N'Zaturre',N'Islam',N'No',N'Aile',N'PLT028',N'PRM0028');
INSERT INTO BURIAL_PERMIT (PermitNumber,IssuingAuthority,IssueDate,ExpirationDate,AuthorizedSignature) VALUES (N'PRM0029',N'Belediye','2025-03-05','2035-03-05',N'Dr. Nur Demir');
INSERT INTO DECEASED_PERSON (SSN,DateOfDeath,BurialDate,CauseOfDeath,Religion,VeteranStatus,FuneralPreferences,PlotNumber,PermitNumber) VALUES (N'10000000089','2025-03-07','2025-03-08',N'Beyin kanamasi',N'Islam',N'Yes',N'Askeri',N'PLT029',N'PRM0029');
INSERT INTO BURIAL_PERMIT (PermitNumber,IssuingAuthority,IssueDate,ExpirationDate,AuthorizedSignature) VALUES (N'PRM0030',N'Bakanlik','2025-08-16','2035-08-16',N'Dr. Nur Demir');
INSERT INTO DECEASED_PERSON (SSN,DateOfDeath,BurialDate,CauseOfDeath,Religion,VeteranStatus,FuneralPreferences,PlotNumber,PermitNumber) VALUES (N'10000000090','2025-08-19','2025-08-21',N'Kanser',N'Islam',N'No',N'Torenli',N'PLT030',N'PRM0030');
INSERT INTO BURIAL_PERMIT (PermitNumber,IssuingAuthority,IssueDate,ExpirationDate,AuthorizedSignature) VALUES (N'PRM0031',N'Bakanlik','2026-02-23','2036-02-23',N'Dr. Veli Sahin');
INSERT INTO DECEASED_PERSON (SSN,DateOfDeath,BurialDate,CauseOfDeath,Religion,VeteranStatus,FuneralPreferences,PlotNumber,PermitNumber) VALUES (N'10000000091','2026-02-24','2026-02-25',N'Kalp yetmezligi',N'Islam',N'No',N'Aile',N'PLT031',N'PRM0031');
INSERT INTO BURIAL_PERMIT (PermitNumber,IssuingAuthority,IssueDate,ExpirationDate,AuthorizedSignature) VALUES (N'PRM0032',N'Belediye','2026-06-19','2036-06-19',N'Dr. Cem Aksoy');
INSERT INTO DECEASED_PERSON (SSN,DateOfDeath,BurialDate,CauseOfDeath,Religion,VeteranStatus,FuneralPreferences,PlotNumber,PermitNumber) VALUES (N'10000000092','2026-06-20','2026-06-22',N'Trafik kazasi',N'Islam',N'Yes',N'Aile',N'PLT032',N'PRM0032');
INSERT INTO BURIAL_PERMIT (PermitNumber,IssuingAuthority,IssueDate,ExpirationDate,AuthorizedSignature) VALUES (N'PRM0033',N'Belediye','2025-07-28','2035-07-28',N'Dr. Ali Vural');
INSERT INTO DECEASED_PERSON (SSN,DateOfDeath,BurialDate,CauseOfDeath,Religion,VeteranStatus,FuneralPreferences,PlotNumber,PermitNumber) VALUES (N'10000000093','2025-07-29','2025-08-01',N'Zaturre',N'Islam',N'Yes',N'Normal',N'PLT033',N'PRM0033');
INSERT INTO BURIAL_PERMIT (PermitNumber,IssuingAuthority,IssueDate,ExpirationDate,AuthorizedSignature) VALUES (N'PRM0034',N'Belediye','2024-07-17','2034-07-17',N'Dr. Nur Demir');
INSERT INTO DECEASED_PERSON (SSN,DateOfDeath,BurialDate,CauseOfDeath,Religion,VeteranStatus,FuneralPreferences,PlotNumber,PermitNumber) VALUES (N'10000000094','2024-07-20','2024-07-23',N'Trafik kazasi',N'Islam',N'No',N'Normal',N'PLT034',N'PRM0034');
INSERT INTO BURIAL_PERMIT (PermitNumber,IssuingAuthority,IssueDate,ExpirationDate,AuthorizedSignature) VALUES (N'PRM0035',N'Belediye','2024-09-05','2034-09-05',N'Dr. Nur Demir');
INSERT INTO DECEASED_PERSON (SSN,DateOfDeath,BurialDate,CauseOfDeath,Religion,VeteranStatus,FuneralPreferences,PlotNumber,PermitNumber) VALUES (N'10000000095','2024-09-06','2024-09-09',N'Trafik kazasi',N'Musevi',N'No',N'Aile',N'PLT035',N'PRM0035');
INSERT INTO BURIAL_PERMIT (PermitNumber,IssuingAuthority,IssueDate,ExpirationDate,AuthorizedSignature) VALUES (N'PRM0036',N'Bakanlik','2024-10-30','2034-10-30',N'Dr. Nur Demir');
INSERT INTO DECEASED_PERSON (SSN,DateOfDeath,BurialDate,CauseOfDeath,Religion,VeteranStatus,FuneralPreferences,PlotNumber,PermitNumber) VALUES (N'10000000096','2024-11-02','2024-11-04',N'Kalp yetmezligi',N'Hristiyan',N'No',N'Askeri',N'PLT036',N'PRM0036');
INSERT INTO BURIAL_PERMIT (PermitNumber,IssuingAuthority,IssueDate,ExpirationDate,AuthorizedSignature) VALUES (N'PRM0037',N'Bakanlik','2024-12-15','2034-12-15',N'Dr. Nur Demir');
INSERT INTO DECEASED_PERSON (SSN,DateOfDeath,BurialDate,CauseOfDeath,Religion,VeteranStatus,FuneralPreferences,PlotNumber,PermitNumber) VALUES (N'10000000097','2024-12-17','2024-12-20',N'Yaslilik',N'Islam',N'No',N'Torenli',N'PLT037',N'PRM0037');
INSERT INTO BURIAL_PERMIT (PermitNumber,IssuingAuthority,IssueDate,ExpirationDate,AuthorizedSignature) VALUES (N'PRM0038',N'Belediye','2025-07-27','2035-07-27',N'Dr. Veli Sahin');
INSERT INTO DECEASED_PERSON (SSN,DateOfDeath,BurialDate,CauseOfDeath,Religion,VeteranStatus,FuneralPreferences,PlotNumber,PermitNumber) VALUES (N'10000000098','2025-07-29','2025-07-31',N'Enfeksiyon',N'Islam',N'Yes',N'Askeri',N'PLT038',N'PRM0038');
INSERT INTO BURIAL_PERMIT (PermitNumber,IssuingAuthority,IssueDate,ExpirationDate,AuthorizedSignature) VALUES (N'PRM0039',N'Belediye','2025-10-31','2035-10-31',N'Dr. Cem Aksoy');
INSERT INTO DECEASED_PERSON (SSN,DateOfDeath,BurialDate,CauseOfDeath,Religion,VeteranStatus,FuneralPreferences,PlotNumber,PermitNumber) VALUES (N'10000000099','2025-11-02','2025-11-03',N'Trafik kazasi',N'Islam',N'No',N'Aile',N'PLT039',N'PRM0039');
INSERT INTO BURIAL_PERMIT (PermitNumber,IssuingAuthority,IssueDate,ExpirationDate,AuthorizedSignature) VALUES (N'PRM0040',N'Bakanlik','2025-05-20','2035-05-20',N'Dr. Nur Demir');
INSERT INTO DECEASED_PERSON (SSN,DateOfDeath,BurialDate,CauseOfDeath,Religion,VeteranStatus,FuneralPreferences,PlotNumber,PermitNumber) VALUES (N'10000000100','2025-05-22','2025-05-24',N'Kanser',N'Islam',N'No',N'Torenli',N'PLT040',N'PRM0040');
INSERT INTO BURIAL_PERMIT (PermitNumber,IssuingAuthority,IssueDate,ExpirationDate,AuthorizedSignature) VALUES (N'PRM0041',N'Belediye','2026-03-26','2036-03-26',N'Dr. Ali Vural');
INSERT INTO DECEASED_PERSON (SSN,DateOfDeath,BurialDate,CauseOfDeath,Religion,VeteranStatus,FuneralPreferences,PlotNumber,PermitNumber) VALUES (N'10000000101','2026-03-27','2026-03-30',N'Yaslilik',N'Islam',N'Yes',N'Aile',N'PLT041',N'PRM0041');
INSERT INTO BURIAL_PERMIT (PermitNumber,IssuingAuthority,IssueDate,ExpirationDate,AuthorizedSignature) VALUES (N'PRM0042',N'Belediye','2024-04-04','2034-04-04',N'Dr. Veli Sahin');
INSERT INTO DECEASED_PERSON (SSN,DateOfDeath,BurialDate,CauseOfDeath,Religion,VeteranStatus,FuneralPreferences,PlotNumber,PermitNumber) VALUES (N'10000000102','2024-04-07','2024-04-08',N'Kalp krizi',N'Islam',N'No',N'Askeri',N'PLT042',N'PRM0042');
INSERT INTO BURIAL_PERMIT (PermitNumber,IssuingAuthority,IssueDate,ExpirationDate,AuthorizedSignature) VALUES (N'PRM0043',N'Bakanlik','2023-10-29','2033-10-29',N'Dr. Nur Demir');
INSERT INTO DECEASED_PERSON (SSN,DateOfDeath,BurialDate,CauseOfDeath,Religion,VeteranStatus,FuneralPreferences,PlotNumber,PermitNumber) VALUES (N'10000000103','2023-11-01','2023-11-04',N'Kalp krizi',N'Islam',N'No',N'Normal',N'PLT043',N'PRM0043');
INSERT INTO BURIAL_PERMIT (PermitNumber,IssuingAuthority,IssueDate,ExpirationDate,AuthorizedSignature) VALUES (N'PRM0044',N'Bakanlik','2023-08-01','2033-08-01',N'Dr. Cem Aksoy');
INSERT INTO DECEASED_PERSON (SSN,DateOfDeath,BurialDate,CauseOfDeath,Religion,VeteranStatus,FuneralPreferences,PlotNumber,PermitNumber) VALUES (N'10000000104','2023-08-04','2023-08-07',N'Kalp krizi',N'Hristiyan',N'No',N'Torenli',N'PLT044',N'PRM0044');
INSERT INTO BURIAL_PERMIT (PermitNumber,IssuingAuthority,IssueDate,ExpirationDate,AuthorizedSignature) VALUES (N'PRM0045',N'Belediye','2024-02-04','2034-02-04',N'Dr. Veli Sahin');
INSERT INTO DECEASED_PERSON (SSN,DateOfDeath,BurialDate,CauseOfDeath,Religion,VeteranStatus,FuneralPreferences,PlotNumber,PermitNumber) VALUES (N'10000000105','2024-02-05','2024-02-08',N'Trafik kazasi',N'Musevi',N'No',N'Askeri',N'PLT045',N'PRM0045');
INSERT INTO BURIAL_PERMIT (PermitNumber,IssuingAuthority,IssueDate,ExpirationDate,AuthorizedSignature) VALUES (N'PRM0046',N'Bakanlik','2024-12-27','2034-12-27',N'Dr. Nur Demir');
INSERT INTO DECEASED_PERSON (SSN,DateOfDeath,BurialDate,CauseOfDeath,Religion,VeteranStatus,FuneralPreferences,PlotNumber,PermitNumber) VALUES (N'10000000106','2024-12-29','2024-12-30',N'Kalp yetmezligi',N'Musevi',N'No',N'Torenli',N'PLT046',N'PRM0046');
INSERT INTO BURIAL_PERMIT (PermitNumber,IssuingAuthority,IssueDate,ExpirationDate,AuthorizedSignature) VALUES (N'PRM0047',N'Belediye','2025-03-03','2035-03-03',N'Dr. Ali Vural');
INSERT INTO DECEASED_PERSON (SSN,DateOfDeath,BurialDate,CauseOfDeath,Religion,VeteranStatus,FuneralPreferences,PlotNumber,PermitNumber) VALUES (N'10000000107','2025-03-06','2025-03-07',N'Diyabet',N'Islam',N'No',N'Sade',N'PLT047',N'PRM0047');
INSERT INTO BURIAL_PERMIT (PermitNumber,IssuingAuthority,IssueDate,ExpirationDate,AuthorizedSignature) VALUES (N'PRM0048',N'Belediye','2026-02-28','2036-02-28',N'Dr. Veli Sahin');
INSERT INTO DECEASED_PERSON (SSN,DateOfDeath,BurialDate,CauseOfDeath,Religion,VeteranStatus,FuneralPreferences,PlotNumber,PermitNumber) VALUES (N'10000000108','2026-03-01','2026-03-04',N'Yaslilik',N'Islam',N'No',N'Askeri',N'PLT048',N'PRM0048');
INSERT INTO BURIAL_PERMIT (PermitNumber,IssuingAuthority,IssueDate,ExpirationDate,AuthorizedSignature) VALUES (N'PRM0049',N'Belediye','2024-01-09','2034-01-09',N'Dr. Veli Sahin');
INSERT INTO DECEASED_PERSON (SSN,DateOfDeath,BurialDate,CauseOfDeath,Religion,VeteranStatus,FuneralPreferences,PlotNumber,PermitNumber) VALUES (N'10000000109','2024-01-12','2024-01-13',N'Enfeksiyon',N'Musevi',N'No',N'Askeri',N'PLT049',N'PRM0049');
INSERT INTO BURIAL_PERMIT (PermitNumber,IssuingAuthority,IssueDate,ExpirationDate,AuthorizedSignature) VALUES (N'PRM0050',N'Bakanlik','2023-10-03','2033-10-03',N'Dr. Ali Vural');
INSERT INTO DECEASED_PERSON (SSN,DateOfDeath,BurialDate,CauseOfDeath,Religion,VeteranStatus,FuneralPreferences,PlotNumber,PermitNumber) VALUES (N'10000000110','2023-10-04','2023-10-07',N'Kanser',N'Islam',N'Yes',N'Torenli',N'PLT050',N'PRM0050');
INSERT INTO BURIAL_PERMIT (PermitNumber,IssuingAuthority,IssueDate,ExpirationDate,AuthorizedSignature) VALUES (N'PRM0051',N'Belediye','2024-04-18','2034-04-18',N'Dr. Cem Aksoy');
INSERT INTO DECEASED_PERSON (SSN,DateOfDeath,BurialDate,CauseOfDeath,Religion,VeteranStatus,FuneralPreferences,PlotNumber,PermitNumber) VALUES (N'10000000111','2024-04-21','2024-04-23',N'Kanser',N'Musevi',N'No',N'Sade',N'PLT051',N'PRM0051');
INSERT INTO BURIAL_PERMIT (PermitNumber,IssuingAuthority,IssueDate,ExpirationDate,AuthorizedSignature) VALUES (N'PRM0052',N'Bakanlik','2025-09-01','2035-09-01',N'Dr. Nur Demir');
INSERT INTO DECEASED_PERSON (SSN,DateOfDeath,BurialDate,CauseOfDeath,Religion,VeteranStatus,FuneralPreferences,PlotNumber,PermitNumber) VALUES (N'10000000112','2025-09-04','2025-09-07',N'Enfeksiyon',N'Islam',N'Yes',N'Sade',N'PLT052',N'PRM0052');
INSERT INTO BURIAL_PERMIT (PermitNumber,IssuingAuthority,IssueDate,ExpirationDate,AuthorizedSignature) VALUES (N'PRM0053',N'Bakanlik','2025-06-07','2035-06-07',N'Dr. Veli Sahin');
INSERT INTO DECEASED_PERSON (SSN,DateOfDeath,BurialDate,CauseOfDeath,Religion,VeteranStatus,FuneralPreferences,PlotNumber,PermitNumber) VALUES (N'10000000113','2025-06-08','2025-06-09',N'Yaslilik',N'Islam',N'No',N'Askeri',N'PLT053',N'PRM0053');
INSERT INTO BURIAL_PERMIT (PermitNumber,IssuingAuthority,IssueDate,ExpirationDate,AuthorizedSignature) VALUES (N'PRM0054',N'Bakanlik','2023-08-27','2033-08-27',N'Dr. Nur Demir');
INSERT INTO DECEASED_PERSON (SSN,DateOfDeath,BurialDate,CauseOfDeath,Religion,VeteranStatus,FuneralPreferences,PlotNumber,PermitNumber) VALUES (N'10000000114','2023-08-30','2023-09-01',N'Trafik kazasi',N'Islam',N'No',N'Aile',N'PLT054',N'PRM0054');
INSERT INTO BURIAL_PERMIT (PermitNumber,IssuingAuthority,IssueDate,ExpirationDate,AuthorizedSignature) VALUES (N'PRM0055',N'Bakanlik','2024-07-12','2034-07-12',N'Dr. Ali Vural');
INSERT INTO DECEASED_PERSON (SSN,DateOfDeath,BurialDate,CauseOfDeath,Religion,VeteranStatus,FuneralPreferences,PlotNumber,PermitNumber) VALUES (N'10000000115','2024-07-15','2024-07-18',N'Solunum yetmezligi',N'Islam',N'No',N'Normal',N'PLT055',N'PRM0055');
INSERT INTO BURIAL_PERMIT (PermitNumber,IssuingAuthority,IssueDate,ExpirationDate,AuthorizedSignature) VALUES (N'PRM0056',N'Bakanlik','2023-12-14','2033-12-14',N'Dr. Veli Sahin');
INSERT INTO DECEASED_PERSON (SSN,DateOfDeath,BurialDate,CauseOfDeath,Religion,VeteranStatus,FuneralPreferences,PlotNumber,PermitNumber) VALUES (N'10000000116','2023-12-16','2023-12-17',N'Enfeksiyon',N'Islam',N'No',N'Askeri',N'PLT056',N'PRM0056');
INSERT INTO BURIAL_PERMIT (PermitNumber,IssuingAuthority,IssueDate,ExpirationDate,AuthorizedSignature) VALUES (N'PRM0057',N'Bakanlik','2024-02-03','2034-02-03',N'Dr. Nur Demir');
INSERT INTO DECEASED_PERSON (SSN,DateOfDeath,BurialDate,CauseOfDeath,Religion,VeteranStatus,FuneralPreferences,PlotNumber,PermitNumber) VALUES (N'10000000117','2024-02-04','2024-02-05',N'Felc',N'Islam',N'Yes',N'Torenli',N'PLT057',N'PRM0057');
INSERT INTO BURIAL_PERMIT (PermitNumber,IssuingAuthority,IssueDate,ExpirationDate,AuthorizedSignature) VALUES (N'PRM0058',N'Bakanlik','2023-12-25','2033-12-25',N'Dr. Nur Demir');
INSERT INTO DECEASED_PERSON (SSN,DateOfDeath,BurialDate,CauseOfDeath,Religion,VeteranStatus,FuneralPreferences,PlotNumber,PermitNumber) VALUES (N'10000000118','2023-12-26','2023-12-28',N'Yaslilik',N'Islam',N'Yes',N'Askeri',N'PLT058',N'PRM0058');
INSERT INTO BURIAL_PERMIT (PermitNumber,IssuingAuthority,IssueDate,ExpirationDate,AuthorizedSignature) VALUES (N'PRM0059',N'Bakanlik','2024-01-04','2034-01-04',N'Dr. Nur Demir');
INSERT INTO DECEASED_PERSON (SSN,DateOfDeath,BurialDate,CauseOfDeath,Religion,VeteranStatus,FuneralPreferences,PlotNumber,PermitNumber) VALUES (N'10000000119','2024-01-07','2024-01-10',N'Kalp krizi',N'Islam',N'No',N'Aile',N'PLT059',N'PRM0059');
INSERT INTO BURIAL_PERMIT (PermitNumber,IssuingAuthority,IssueDate,ExpirationDate,AuthorizedSignature) VALUES (N'PRM0060',N'Belediye','2023-12-18','2033-12-18',N'Dr. Veli Sahin');
INSERT INTO DECEASED_PERSON (SSN,DateOfDeath,BurialDate,CauseOfDeath,Religion,VeteranStatus,FuneralPreferences,PlotNumber,PermitNumber) VALUES (N'10000000120','2023-12-21','2023-12-24',N'Bobrek yetmezligi',N'Islam',N'No',N'Torenli',N'PLT060',N'PRM0060');
INSERT INTO BURIAL_PERMIT (PermitNumber,IssuingAuthority,IssueDate,ExpirationDate,AuthorizedSignature) VALUES (N'PRM0061',N'Bakanlik','2024-12-30','2034-12-30',N'Dr. Veli Sahin');
INSERT INTO DECEASED_PERSON (SSN,DateOfDeath,BurialDate,CauseOfDeath,Religion,VeteranStatus,FuneralPreferences,PlotNumber,PermitNumber) VALUES (N'10000000121','2025-01-01','2025-01-03',N'Yaslilik',N'Islam',N'No',N'Askeri',N'PLT061',N'PRM0061');
INSERT INTO BURIAL_PERMIT (PermitNumber,IssuingAuthority,IssueDate,ExpirationDate,AuthorizedSignature) VALUES (N'PRM0062',N'Belediye','2025-11-07','2035-11-07',N'Dr. Cem Aksoy');
INSERT INTO DECEASED_PERSON (SSN,DateOfDeath,BurialDate,CauseOfDeath,Religion,VeteranStatus,FuneralPreferences,PlotNumber,PermitNumber) VALUES (N'10000000122','2025-11-09','2025-11-11',N'Zaturre',N'Islam',N'No',N'Sade',N'PLT062',N'PRM0062');
INSERT INTO BURIAL_PERMIT (PermitNumber,IssuingAuthority,IssueDate,ExpirationDate,AuthorizedSignature) VALUES (N'PRM0063',N'Belediye','2024-08-02','2034-08-02',N'Dr. Cem Aksoy');
INSERT INTO DECEASED_PERSON (SSN,DateOfDeath,BurialDate,CauseOfDeath,Religion,VeteranStatus,FuneralPreferences,PlotNumber,PermitNumber) VALUES (N'10000000123','2024-08-04','2024-08-05',N'Kalp krizi',N'Islam',N'No',N'Sade',N'PLT063',N'PRM0063');
INSERT INTO BURIAL_PERMIT (PermitNumber,IssuingAuthority,IssueDate,ExpirationDate,AuthorizedSignature) VALUES (N'PRM0064',N'Bakanlik','2025-08-15','2035-08-15',N'Dr. Nur Demir');
INSERT INTO DECEASED_PERSON (SSN,DateOfDeath,BurialDate,CauseOfDeath,Religion,VeteranStatus,FuneralPreferences,PlotNumber,PermitNumber) VALUES (N'10000000124','2025-08-17','2025-08-19',N'Bobrek yetmezligi',N'Musevi',N'No',N'Askeri',N'PLT064',N'PRM0064');
INSERT INTO BURIAL_PERMIT (PermitNumber,IssuingAuthority,IssueDate,ExpirationDate,AuthorizedSignature) VALUES (N'PRM0065',N'Belediye','2025-04-14','2035-04-14',N'Dr. Nur Demir');
INSERT INTO DECEASED_PERSON (SSN,DateOfDeath,BurialDate,CauseOfDeath,Religion,VeteranStatus,FuneralPreferences,PlotNumber,PermitNumber) VALUES (N'10000000125','2025-04-17','2025-04-20',N'Felc',N'Islam',N'No',N'Askeri',N'PLT065',N'PRM0065');
INSERT INTO BURIAL_PERMIT (PermitNumber,IssuingAuthority,IssueDate,ExpirationDate,AuthorizedSignature) VALUES (N'PRM0066',N'Bakanlik','2025-02-13','2035-02-13',N'Dr. Veli Sahin');
INSERT INTO DECEASED_PERSON (SSN,DateOfDeath,BurialDate,CauseOfDeath,Religion,VeteranStatus,FuneralPreferences,PlotNumber,PermitNumber) VALUES (N'10000000126','2025-02-16','2025-02-19',N'Felc',N'Islam',N'No',N'Aile',N'PLT066',N'PRM0066');
INSERT INTO BURIAL_PERMIT (PermitNumber,IssuingAuthority,IssueDate,ExpirationDate,AuthorizedSignature) VALUES (N'PRM0067',N'Belediye','2025-07-16','2035-07-16',N'Dr. Veli Sahin');
INSERT INTO DECEASED_PERSON (SSN,DateOfDeath,BurialDate,CauseOfDeath,Religion,VeteranStatus,FuneralPreferences,PlotNumber,PermitNumber) VALUES (N'10000000127','2025-07-17','2025-07-20',N'Bobrek yetmezligi',N'Hristiyan',N'Yes',N'Aile',N'PLT067',N'PRM0067');
INSERT INTO BURIAL_PERMIT (PermitNumber,IssuingAuthority,IssueDate,ExpirationDate,AuthorizedSignature) VALUES (N'PRM0068',N'Belediye','2024-08-31','2034-08-31',N'Dr. Nur Demir');
INSERT INTO DECEASED_PERSON (SSN,DateOfDeath,BurialDate,CauseOfDeath,Religion,VeteranStatus,FuneralPreferences,PlotNumber,PermitNumber) VALUES (N'10000000128','2024-09-02','2024-09-04',N'Bobrek yetmezligi',N'Islam',N'No',N'Askeri',N'PLT068',N'PRM0068');
INSERT INTO BURIAL_PERMIT (PermitNumber,IssuingAuthority,IssueDate,ExpirationDate,AuthorizedSignature) VALUES (N'PRM0069',N'Belediye','2024-11-05','2034-11-05',N'Dr. Nur Demir');
INSERT INTO DECEASED_PERSON (SSN,DateOfDeath,BurialDate,CauseOfDeath,Religion,VeteranStatus,FuneralPreferences,PlotNumber,PermitNumber) VALUES (N'10000000129','2024-11-07','2024-11-10',N'Diyabet',N'Islam',N'No',N'Sade',N'PLT069',N'PRM0069');
INSERT INTO BURIAL_PERMIT (PermitNumber,IssuingAuthority,IssueDate,ExpirationDate,AuthorizedSignature) VALUES (N'PRM0070',N'Bakanlik','2026-03-05','2036-03-05',N'Dr. Ali Vural');
INSERT INTO DECEASED_PERSON (SSN,DateOfDeath,BurialDate,CauseOfDeath,Religion,VeteranStatus,FuneralPreferences,PlotNumber,PermitNumber) VALUES (N'10000000130','2026-03-08','2026-03-10',N'Felc',N'Hristiyan',N'Yes',N'Normal',N'PLT070',N'PRM0070');
INSERT INTO BURIAL_PERMIT (PermitNumber,IssuingAuthority,IssueDate,ExpirationDate,AuthorizedSignature) VALUES (N'PRM0071',N'Bakanlik','2024-11-17','2034-11-17',N'Dr. Veli Sahin');
INSERT INTO DECEASED_PERSON (SSN,DateOfDeath,BurialDate,CauseOfDeath,Religion,VeteranStatus,FuneralPreferences,PlotNumber,PermitNumber) VALUES (N'10000000131','2024-11-20','2024-11-23',N'Bobrek yetmezligi',N'Musevi',N'Yes',N'Sade',N'PLT071',N'PRM0071');
INSERT INTO BURIAL_PERMIT (PermitNumber,IssuingAuthority,IssueDate,ExpirationDate,AuthorizedSignature) VALUES (N'PRM0072',N'Belediye','2025-09-24','2035-09-24',N'Dr. Ali Vural');
INSERT INTO DECEASED_PERSON (SSN,DateOfDeath,BurialDate,CauseOfDeath,Religion,VeteranStatus,FuneralPreferences,PlotNumber,PermitNumber) VALUES (N'10000000132','2025-09-26','2025-09-28',N'Yaslilik',N'Islam',N'No',N'Sade',N'PLT072',N'PRM0072');
INSERT INTO BURIAL_PERMIT (PermitNumber,IssuingAuthority,IssueDate,ExpirationDate,AuthorizedSignature) VALUES (N'PRM0073',N'Belediye','2026-05-25','2036-05-25',N'Dr. Nur Demir');
INSERT INTO DECEASED_PERSON (SSN,DateOfDeath,BurialDate,CauseOfDeath,Religion,VeteranStatus,FuneralPreferences,PlotNumber,PermitNumber) VALUES (N'10000000133','2026-05-28','2026-05-31',N'Felc',N'Islam',N'No',N'Sade',N'PLT073',N'PRM0073');
INSERT INTO BURIAL_PERMIT (PermitNumber,IssuingAuthority,IssueDate,ExpirationDate,AuthorizedSignature) VALUES (N'PRM0074',N'Belediye','2026-04-19','2036-04-19',N'Dr. Nur Demir');
INSERT INTO DECEASED_PERSON (SSN,DateOfDeath,BurialDate,CauseOfDeath,Religion,VeteranStatus,FuneralPreferences,PlotNumber,PermitNumber) VALUES (N'10000000134','2026-04-20','2026-04-22',N'Yaslilik',N'Islam',N'No',N'Normal',N'PLT074',N'PRM0074');
INSERT INTO BURIAL_PERMIT (PermitNumber,IssuingAuthority,IssueDate,ExpirationDate,AuthorizedSignature) VALUES (N'PRM0075',N'Bakanlik','2024-02-20','2034-02-20',N'Dr. Cem Aksoy');
INSERT INTO DECEASED_PERSON (SSN,DateOfDeath,BurialDate,CauseOfDeath,Religion,VeteranStatus,FuneralPreferences,PlotNumber,PermitNumber) VALUES (N'10000000135','2024-02-23','2024-02-24',N'Felc',N'Islam',N'No',N'Sade',N'PLT075',N'PRM0075');
INSERT INTO BURIAL_PERMIT (PermitNumber,IssuingAuthority,IssueDate,ExpirationDate,AuthorizedSignature) VALUES (N'PRM0076',N'Belediye','2026-03-14','2036-03-14',N'Dr. Nur Demir');
INSERT INTO DECEASED_PERSON (SSN,DateOfDeath,BurialDate,CauseOfDeath,Religion,VeteranStatus,FuneralPreferences,PlotNumber,PermitNumber) VALUES (N'10000000136','2026-03-16','2026-03-18',N'Enfeksiyon',N'Islam',N'No',N'Normal',N'PLT076',N'PRM0076');
INSERT INTO BURIAL_PERMIT (PermitNumber,IssuingAuthority,IssueDate,ExpirationDate,AuthorizedSignature) VALUES (N'PRM0077',N'Belediye','2025-03-05','2035-03-05',N'Dr. Ali Vural');
INSERT INTO DECEASED_PERSON (SSN,DateOfDeath,BurialDate,CauseOfDeath,Religion,VeteranStatus,FuneralPreferences,PlotNumber,PermitNumber) VALUES (N'10000000137','2025-03-06','2025-03-09',N'Felc',N'Islam',N'No',N'Torenli',N'PLT077',N'PRM0077');
INSERT INTO BURIAL_PERMIT (PermitNumber,IssuingAuthority,IssueDate,ExpirationDate,AuthorizedSignature) VALUES (N'PRM0078',N'Belediye','2026-05-21','2036-05-21',N'Dr. Cem Aksoy');
INSERT INTO DECEASED_PERSON (SSN,DateOfDeath,BurialDate,CauseOfDeath,Religion,VeteranStatus,FuneralPreferences,PlotNumber,PermitNumber) VALUES (N'10000000138','2026-05-22','2026-05-25',N'Beyin kanamasi',N'Islam',N'No',N'Torenli',N'PLT078',N'PRM0078');
INSERT INTO BURIAL_PERMIT (PermitNumber,IssuingAuthority,IssueDate,ExpirationDate,AuthorizedSignature) VALUES (N'PRM0079',N'Belediye','2025-10-04','2035-10-04',N'Dr. Nur Demir');
INSERT INTO DECEASED_PERSON (SSN,DateOfDeath,BurialDate,CauseOfDeath,Religion,VeteranStatus,FuneralPreferences,PlotNumber,PermitNumber) VALUES (N'10000000139','2025-10-07','2025-10-08',N'Diyabet',N'Islam',N'No',N'Aile',N'PLT079',N'PRM0079');
INSERT INTO BURIAL_PERMIT (PermitNumber,IssuingAuthority,IssueDate,ExpirationDate,AuthorizedSignature) VALUES (N'PRM0080',N'Belediye','2025-11-24','2035-11-24',N'Dr. Veli Sahin');
INSERT INTO DECEASED_PERSON (SSN,DateOfDeath,BurialDate,CauseOfDeath,Religion,VeteranStatus,FuneralPreferences,PlotNumber,PermitNumber) VALUES (N'10000000140','2025-11-26','2025-11-27',N'Zaturre',N'Islam',N'Yes',N'Sade',N'PLT080',N'PRM0080');
INSERT INTO BURIAL_PERMIT (PermitNumber,IssuingAuthority,IssueDate,ExpirationDate,AuthorizedSignature) VALUES (N'PRM0081',N'Belediye','2024-07-15','2034-07-15',N'Dr. Nur Demir');
INSERT INTO DECEASED_PERSON (SSN,DateOfDeath,BurialDate,CauseOfDeath,Religion,VeteranStatus,FuneralPreferences,PlotNumber,PermitNumber) VALUES (N'10000000141','2024-07-17','2024-07-19',N'Yaslilik',N'Islam',N'No',N'Sade',N'PLT081',N'PRM0081');
INSERT INTO BURIAL_PERMIT (PermitNumber,IssuingAuthority,IssueDate,ExpirationDate,AuthorizedSignature) VALUES (N'PRM0082',N'Bakanlik','2025-03-30','2035-03-30',N'Dr. Ali Vural');
INSERT INTO DECEASED_PERSON (SSN,DateOfDeath,BurialDate,CauseOfDeath,Religion,VeteranStatus,FuneralPreferences,PlotNumber,PermitNumber) VALUES (N'10000000142','2025-04-02','2025-04-04',N'Felc',N'Islam',N'No',N'Sade',N'PLT082',N'PRM0082');
INSERT INTO BURIAL_PERMIT (PermitNumber,IssuingAuthority,IssueDate,ExpirationDate,AuthorizedSignature) VALUES (N'PRM0083',N'Bakanlik','2024-06-15','2034-06-15',N'Dr. Ali Vural');
INSERT INTO DECEASED_PERSON (SSN,DateOfDeath,BurialDate,CauseOfDeath,Religion,VeteranStatus,FuneralPreferences,PlotNumber,PermitNumber) VALUES (N'10000000143','2024-06-18','2024-06-21',N'Bobrek yetmezligi',N'Islam',N'No',N'Normal',N'PLT083',N'PRM0083');
INSERT INTO BURIAL_PERMIT (PermitNumber,IssuingAuthority,IssueDate,ExpirationDate,AuthorizedSignature) VALUES (N'PRM0084',N'Belediye','2024-10-29','2034-10-29',N'Dr. Cem Aksoy');
INSERT INTO DECEASED_PERSON (SSN,DateOfDeath,BurialDate,CauseOfDeath,Religion,VeteranStatus,FuneralPreferences,PlotNumber,PermitNumber) VALUES (N'10000000144','2024-10-31','2024-11-01',N'Enfeksiyon',N'Islam',N'No',N'Aile',N'PLT084',N'PRM0084');
INSERT INTO BURIAL_PERMIT (PermitNumber,IssuingAuthority,IssueDate,ExpirationDate,AuthorizedSignature) VALUES (N'PRM0085',N'Bakanlik','2024-04-05','2034-04-05',N'Dr. Veli Sahin');
INSERT INTO DECEASED_PERSON (SSN,DateOfDeath,BurialDate,CauseOfDeath,Religion,VeteranStatus,FuneralPreferences,PlotNumber,PermitNumber) VALUES (N'10000000145','2024-04-08','2024-04-10',N'Kalp yetmezligi',N'Hristiyan',N'No',N'Sade',N'PLT085',N'PRM0085');
INSERT INTO BURIAL_PERMIT (PermitNumber,IssuingAuthority,IssueDate,ExpirationDate,AuthorizedSignature) VALUES (N'PRM0086',N'Belediye','2024-06-04','2034-06-04',N'Dr. Veli Sahin');
INSERT INTO DECEASED_PERSON (SSN,DateOfDeath,BurialDate,CauseOfDeath,Religion,VeteranStatus,FuneralPreferences,PlotNumber,PermitNumber) VALUES (N'10000000146','2024-06-06','2024-06-08',N'Felc',N'Islam',N'Yes',N'Askeri',N'PLT086',N'PRM0086');
INSERT INTO BURIAL_PERMIT (PermitNumber,IssuingAuthority,IssueDate,ExpirationDate,AuthorizedSignature) VALUES (N'PRM0087',N'Belediye','2023-07-18','2033-07-18',N'Dr. Nur Demir');
INSERT INTO DECEASED_PERSON (SSN,DateOfDeath,BurialDate,CauseOfDeath,Religion,VeteranStatus,FuneralPreferences,PlotNumber,PermitNumber) VALUES (N'10000000147','2023-07-20','2023-07-21',N'Beyin kanamasi',N'Hristiyan',N'No',N'Aile',N'PLT087',N'PRM0087');
INSERT INTO BURIAL_PERMIT (PermitNumber,IssuingAuthority,IssueDate,ExpirationDate,AuthorizedSignature) VALUES (N'PRM0088',N'Bakanlik','2026-04-01','2036-04-01',N'Dr. Nur Demir');
INSERT INTO DECEASED_PERSON (SSN,DateOfDeath,BurialDate,CauseOfDeath,Religion,VeteranStatus,FuneralPreferences,PlotNumber,PermitNumber) VALUES (N'10000000148','2026-04-03','2026-04-06',N'Kanser',N'Islam',N'Yes',N'Torenli',N'PLT088',N'PRM0088');
INSERT INTO BURIAL_PERMIT (PermitNumber,IssuingAuthority,IssueDate,ExpirationDate,AuthorizedSignature) VALUES (N'PRM0089',N'Belediye','2025-02-17','2035-02-17',N'Dr. Cem Aksoy');
INSERT INTO DECEASED_PERSON (SSN,DateOfDeath,BurialDate,CauseOfDeath,Religion,VeteranStatus,FuneralPreferences,PlotNumber,PermitNumber) VALUES (N'10000000149','2025-02-18','2025-02-20',N'Kanser',N'Islam',N'No',N'Sade',N'PLT089',N'PRM0089');
INSERT INTO BURIAL_PERMIT (PermitNumber,IssuingAuthority,IssueDate,ExpirationDate,AuthorizedSignature) VALUES (N'PRM0090',N'Belediye','2026-05-11','2036-05-11',N'Dr. Cem Aksoy');
INSERT INTO DECEASED_PERSON (SSN,DateOfDeath,BurialDate,CauseOfDeath,Religion,VeteranStatus,FuneralPreferences,PlotNumber,PermitNumber) VALUES (N'10000000150','2026-05-12','2026-05-15',N'Beyin kanamasi',N'Islam',N'Yes',N'Aile',N'PLT090',N'PRM0090');
INSERT INTO BURIAL_PERMIT (PermitNumber,IssuingAuthority,IssueDate,ExpirationDate,AuthorizedSignature) VALUES (N'PRM0091',N'Belediye','2024-09-18','2034-09-18',N'Dr. Cem Aksoy');
INSERT INTO DECEASED_PERSON (SSN,DateOfDeath,BurialDate,CauseOfDeath,Religion,VeteranStatus,FuneralPreferences,PlotNumber,PermitNumber) VALUES (N'10000000151','2024-09-20','2024-09-21',N'Kalp krizi',N'Islam',N'No',N'Askeri',N'PLT091',N'PRM0091');
INSERT INTO BURIAL_PERMIT (PermitNumber,IssuingAuthority,IssueDate,ExpirationDate,AuthorizedSignature) VALUES (N'PRM0092',N'Belediye','2023-12-24','2033-12-24',N'Dr. Veli Sahin');
INSERT INTO DECEASED_PERSON (SSN,DateOfDeath,BurialDate,CauseOfDeath,Religion,VeteranStatus,FuneralPreferences,PlotNumber,PermitNumber) VALUES (N'10000000152','2023-12-26','2023-12-27',N'Enfeksiyon',N'Musevi',N'No',N'Sade',N'PLT092',N'PRM0092');
INSERT INTO BURIAL_PERMIT (PermitNumber,IssuingAuthority,IssueDate,ExpirationDate,AuthorizedSignature) VALUES (N'PRM0093',N'Belediye','2025-11-22','2035-11-22',N'Dr. Veli Sahin');
INSERT INTO DECEASED_PERSON (SSN,DateOfDeath,BurialDate,CauseOfDeath,Religion,VeteranStatus,FuneralPreferences,PlotNumber,PermitNumber) VALUES (N'10000000153','2025-11-23','2025-11-26',N'Trafik kazasi',N'Islam',N'No',N'Sade',N'PLT093',N'PRM0093');
INSERT INTO BURIAL_PERMIT (PermitNumber,IssuingAuthority,IssueDate,ExpirationDate,AuthorizedSignature) VALUES (N'PRM0094',N'Belediye','2025-01-23','2035-01-23',N'Dr. Cem Aksoy');
INSERT INTO DECEASED_PERSON (SSN,DateOfDeath,BurialDate,CauseOfDeath,Religion,VeteranStatus,FuneralPreferences,PlotNumber,PermitNumber) VALUES (N'10000000154','2025-01-26','2025-01-29',N'Enfeksiyon',N'Islam',N'No',N'Sade',N'PLT094',N'PRM0094');
INSERT INTO BURIAL_PERMIT (PermitNumber,IssuingAuthority,IssueDate,ExpirationDate,AuthorizedSignature) VALUES (N'PRM0095',N'Belediye','2024-12-26','2034-12-26',N'Dr. Veli Sahin');
INSERT INTO DECEASED_PERSON (SSN,DateOfDeath,BurialDate,CauseOfDeath,Religion,VeteranStatus,FuneralPreferences,PlotNumber,PermitNumber) VALUES (N'10000000155','2024-12-29','2025-01-01',N'Diyabet',N'Islam',N'No',N'Torenli',N'PLT095',N'PRM0095');
GO
-- ===== FUNERAL_SERVICE =====
INSERT INTO FUNERAL_SERVICE (ServiceID,ServiceDate,StartTime,EndTime,ServiceType,ExpectedAttendees,DeceasedSSN) VALUES (N'SRV0001','2025-01-09','10:15:00','12:15:00',N'Christian',194,N'10000000061');
INSERT INTO FUNERAL_SERVICE (ServiceID,ServiceDate,StartTime,EndTime,ServiceType,ExpectedAttendees,DeceasedSSN) VALUES (N'SRV0002','2023-10-15','11:45:00','13:45:00',N'Memorial',102,N'10000000062');
INSERT INTO FUNERAL_SERVICE (ServiceID,ServiceDate,StartTime,EndTime,ServiceType,ExpectedAttendees,DeceasedSSN) VALUES (N'SRV0003','2026-02-25','17:30:00','19:30:00',N'Memorial',222,N'10000000063');
INSERT INTO FUNERAL_SERVICE (ServiceID,ServiceDate,StartTime,EndTime,ServiceType,ExpectedAttendees,DeceasedSSN) VALUES (N'SRV0004','2026-03-05','15:00:00','17:00:00',N'Islamic',236,N'10000000064');
INSERT INTO FUNERAL_SERVICE (ServiceID,ServiceDate,StartTime,EndTime,ServiceType,ExpectedAttendees,DeceasedSSN) VALUES (N'SRV0005','2024-10-21','16:30:00','18:30:00',N'Veteran',262,N'10000000065');
INSERT INTO FUNERAL_SERVICE (ServiceID,ServiceDate,StartTime,EndTime,ServiceType,ExpectedAttendees,DeceasedSSN) VALUES (N'SRV0006','2026-04-13','15:30:00','17:30:00',N'Family',31,N'10000000066');
INSERT INTO FUNERAL_SERVICE (ServiceID,ServiceDate,StartTime,EndTime,ServiceType,ExpectedAttendees,DeceasedSSN) VALUES (N'SRV0007','2025-02-05','09:45:00','11:45:00',N'Veteran',62,N'10000000067');
INSERT INTO FUNERAL_SERVICE (ServiceID,ServiceDate,StartTime,EndTime,ServiceType,ExpectedAttendees,DeceasedSSN) VALUES (N'SRV0008','2024-02-17','16:45:00','18:45:00',N'Christian',249,N'10000000068');
INSERT INTO FUNERAL_SERVICE (ServiceID,ServiceDate,StartTime,EndTime,ServiceType,ExpectedAttendees,DeceasedSSN) VALUES (N'SRV0009','2025-02-27','11:45:00','13:45:00',N'Veteran',195,N'10000000069');
INSERT INTO FUNERAL_SERVICE (ServiceID,ServiceDate,StartTime,EndTime,ServiceType,ExpectedAttendees,DeceasedSSN) VALUES (N'SRV0010','2025-05-04','12:30:00','14:30:00',N'Family',96,N'10000000070');
INSERT INTO FUNERAL_SERVICE (ServiceID,ServiceDate,StartTime,EndTime,ServiceType,ExpectedAttendees,DeceasedSSN) VALUES (N'SRV0011','2023-07-16','17:45:00','19:45:00',N'Veteran',54,N'10000000071');
INSERT INTO FUNERAL_SERVICE (ServiceID,ServiceDate,StartTime,EndTime,ServiceType,ExpectedAttendees,DeceasedSSN) VALUES (N'SRV0012','2023-07-27','08:00:00','10:00:00',N'Memorial',38,N'10000000072');
INSERT INTO FUNERAL_SERVICE (ServiceID,ServiceDate,StartTime,EndTime,ServiceType,ExpectedAttendees,DeceasedSSN) VALUES (N'SRV0013','2024-05-26','09:15:00','11:15:00',N'Memorial',263,N'10000000073');
INSERT INTO FUNERAL_SERVICE (ServiceID,ServiceDate,StartTime,EndTime,ServiceType,ExpectedAttendees,DeceasedSSN) VALUES (N'SRV0014','2024-09-26','08:45:00','10:45:00',N'Christian',97,N'10000000074');
INSERT INTO FUNERAL_SERVICE (ServiceID,ServiceDate,StartTime,EndTime,ServiceType,ExpectedAttendees,DeceasedSSN) VALUES (N'SRV0015','2026-02-22','12:15:00','14:15:00',N'Veteran',77,N'10000000075');
INSERT INTO FUNERAL_SERVICE (ServiceID,ServiceDate,StartTime,EndTime,ServiceType,ExpectedAttendees,DeceasedSSN) VALUES (N'SRV0016','2026-01-03','13:30:00','15:30:00',N'Islamic',220,N'10000000076');
INSERT INTO FUNERAL_SERVICE (ServiceID,ServiceDate,StartTime,EndTime,ServiceType,ExpectedAttendees,DeceasedSSN) VALUES (N'SRV0017','2026-05-04','10:00:00','12:00:00',N'Memorial',186,N'10000000077');
INSERT INTO FUNERAL_SERVICE (ServiceID,ServiceDate,StartTime,EndTime,ServiceType,ExpectedAttendees,DeceasedSSN) VALUES (N'SRV0018','2024-08-27','11:45:00','13:45:00',N'Islamic',78,N'10000000078');
INSERT INTO FUNERAL_SERVICE (ServiceID,ServiceDate,StartTime,EndTime,ServiceType,ExpectedAttendees,DeceasedSSN) VALUES (N'SRV0019','2024-03-29','08:15:00','10:15:00',N'Memorial',69,N'10000000079');
INSERT INTO FUNERAL_SERVICE (ServiceID,ServiceDate,StartTime,EndTime,ServiceType,ExpectedAttendees,DeceasedSSN) VALUES (N'SRV0020','2025-09-19','10:15:00','12:15:00',N'Family',257,N'10000000080');
INSERT INTO FUNERAL_SERVICE (ServiceID,ServiceDate,StartTime,EndTime,ServiceType,ExpectedAttendees,DeceasedSSN) VALUES (N'SRV0021','2023-11-03','08:00:00','10:00:00',N'Veteran',91,N'10000000081');
INSERT INTO FUNERAL_SERVICE (ServiceID,ServiceDate,StartTime,EndTime,ServiceType,ExpectedAttendees,DeceasedSSN) VALUES (N'SRV0022','2025-08-07','14:15:00','16:15:00',N'Memorial',66,N'10000000082');
INSERT INTO FUNERAL_SERVICE (ServiceID,ServiceDate,StartTime,EndTime,ServiceType,ExpectedAttendees,DeceasedSSN) VALUES (N'SRV0023','2024-03-02','11:45:00','13:45:00',N'Islamic',82,N'10000000083');
INSERT INTO FUNERAL_SERVICE (ServiceID,ServiceDate,StartTime,EndTime,ServiceType,ExpectedAttendees,DeceasedSSN) VALUES (N'SRV0024','2025-03-06','09:30:00','11:30:00',N'Veteran',183,N'10000000084');
INSERT INTO FUNERAL_SERVICE (ServiceID,ServiceDate,StartTime,EndTime,ServiceType,ExpectedAttendees,DeceasedSSN) VALUES (N'SRV0025','2024-05-14','10:45:00','12:45:00',N'Christian',103,N'10000000085');
INSERT INTO FUNERAL_SERVICE (ServiceID,ServiceDate,StartTime,EndTime,ServiceType,ExpectedAttendees,DeceasedSSN) VALUES (N'SRV0026','2024-08-27','09:00:00','11:00:00',N'Family',114,N'10000000086');
INSERT INTO FUNERAL_SERVICE (ServiceID,ServiceDate,StartTime,EndTime,ServiceType,ExpectedAttendees,DeceasedSSN) VALUES (N'SRV0027','2025-10-02','15:30:00','17:30:00',N'Christian',107,N'10000000087');
INSERT INTO FUNERAL_SERVICE (ServiceID,ServiceDate,StartTime,EndTime,ServiceType,ExpectedAttendees,DeceasedSSN) VALUES (N'SRV0028','2025-04-17','14:45:00','16:45:00',N'Christian',74,N'10000000088');
INSERT INTO FUNERAL_SERVICE (ServiceID,ServiceDate,StartTime,EndTime,ServiceType,ExpectedAttendees,DeceasedSSN) VALUES (N'SRV0029','2025-03-08','09:15:00','11:15:00',N'Islamic',226,N'10000000089');
INSERT INTO FUNERAL_SERVICE (ServiceID,ServiceDate,StartTime,EndTime,ServiceType,ExpectedAttendees,DeceasedSSN) VALUES (N'SRV0030','2025-08-21','13:45:00','15:45:00',N'Veteran',101,N'10000000090');
INSERT INTO FUNERAL_SERVICE (ServiceID,ServiceDate,StartTime,EndTime,ServiceType,ExpectedAttendees,DeceasedSSN) VALUES (N'SRV0031','2026-02-25','11:30:00','13:30:00',N'Islamic',157,N'10000000091');
INSERT INTO FUNERAL_SERVICE (ServiceID,ServiceDate,StartTime,EndTime,ServiceType,ExpectedAttendees,DeceasedSSN) VALUES (N'SRV0032','2026-06-22','16:30:00','18:30:00',N'Islamic',184,N'10000000092');
INSERT INTO FUNERAL_SERVICE (ServiceID,ServiceDate,StartTime,EndTime,ServiceType,ExpectedAttendees,DeceasedSSN) VALUES (N'SRV0033','2025-08-01','11:15:00','13:15:00',N'Memorial',181,N'10000000093');
INSERT INTO FUNERAL_SERVICE (ServiceID,ServiceDate,StartTime,EndTime,ServiceType,ExpectedAttendees,DeceasedSSN) VALUES (N'SRV0034','2024-07-23','08:15:00','10:15:00',N'Memorial',227,N'10000000094');
INSERT INTO FUNERAL_SERVICE (ServiceID,ServiceDate,StartTime,EndTime,ServiceType,ExpectedAttendees,DeceasedSSN) VALUES (N'SRV0035','2024-09-09','09:15:00','11:15:00',N'Memorial',66,N'10000000095');
INSERT INTO FUNERAL_SERVICE (ServiceID,ServiceDate,StartTime,EndTime,ServiceType,ExpectedAttendees,DeceasedSSN) VALUES (N'SRV0036','2024-11-04','16:00:00','18:00:00',N'Veteran',192,N'10000000096');
INSERT INTO FUNERAL_SERVICE (ServiceID,ServiceDate,StartTime,EndTime,ServiceType,ExpectedAttendees,DeceasedSSN) VALUES (N'SRV0037','2024-12-20','10:45:00','12:45:00',N'Family',245,N'10000000097');
INSERT INTO FUNERAL_SERVICE (ServiceID,ServiceDate,StartTime,EndTime,ServiceType,ExpectedAttendees,DeceasedSSN) VALUES (N'SRV0038','2025-07-31','13:15:00','15:15:00',N'Memorial',67,N'10000000098');
INSERT INTO FUNERAL_SERVICE (ServiceID,ServiceDate,StartTime,EndTime,ServiceType,ExpectedAttendees,DeceasedSSN) VALUES (N'SRV0039','2025-11-03','08:00:00','10:00:00',N'Islamic',164,N'10000000099');
INSERT INTO FUNERAL_SERVICE (ServiceID,ServiceDate,StartTime,EndTime,ServiceType,ExpectedAttendees,DeceasedSSN) VALUES (N'SRV0040','2025-05-24','11:00:00','13:00:00',N'Islamic',233,N'10000000100');
INSERT INTO FUNERAL_SERVICE (ServiceID,ServiceDate,StartTime,EndTime,ServiceType,ExpectedAttendees,DeceasedSSN) VALUES (N'SRV0041','2026-03-30','16:30:00','18:30:00',N'Family',242,N'10000000101');
INSERT INTO FUNERAL_SERVICE (ServiceID,ServiceDate,StartTime,EndTime,ServiceType,ExpectedAttendees,DeceasedSSN) VALUES (N'SRV0042','2024-04-08','14:45:00','16:45:00',N'Islamic',108,N'10000000102');
INSERT INTO FUNERAL_SERVICE (ServiceID,ServiceDate,StartTime,EndTime,ServiceType,ExpectedAttendees,DeceasedSSN) VALUES (N'SRV0043','2023-11-04','12:00:00','14:00:00',N'Veteran',70,N'10000000103');
INSERT INTO FUNERAL_SERVICE (ServiceID,ServiceDate,StartTime,EndTime,ServiceType,ExpectedAttendees,DeceasedSSN) VALUES (N'SRV0044','2023-08-07','16:15:00','18:15:00',N'Christian',197,N'10000000104');
INSERT INTO FUNERAL_SERVICE (ServiceID,ServiceDate,StartTime,EndTime,ServiceType,ExpectedAttendees,DeceasedSSN) VALUES (N'SRV0045','2024-02-08','14:00:00','16:00:00',N'Veteran',253,N'10000000105');
INSERT INTO FUNERAL_SERVICE (ServiceID,ServiceDate,StartTime,EndTime,ServiceType,ExpectedAttendees,DeceasedSSN) VALUES (N'SRV0046','2024-12-30','11:00:00','13:00:00',N'Christian',74,N'10000000106');
INSERT INTO FUNERAL_SERVICE (ServiceID,ServiceDate,StartTime,EndTime,ServiceType,ExpectedAttendees,DeceasedSSN) VALUES (N'SRV0047','2025-03-07','14:00:00','16:00:00',N'Memorial',58,N'10000000107');
INSERT INTO FUNERAL_SERVICE (ServiceID,ServiceDate,StartTime,EndTime,ServiceType,ExpectedAttendees,DeceasedSSN) VALUES (N'SRV0048','2026-03-04','12:15:00','14:15:00',N'Islamic',36,N'10000000108');
INSERT INTO FUNERAL_SERVICE (ServiceID,ServiceDate,StartTime,EndTime,ServiceType,ExpectedAttendees,DeceasedSSN) VALUES (N'SRV0049','2024-01-13','10:00:00','12:00:00',N'Christian',284,N'10000000109');
INSERT INTO FUNERAL_SERVICE (ServiceID,ServiceDate,StartTime,EndTime,ServiceType,ExpectedAttendees,DeceasedSSN) VALUES (N'SRV0050','2023-10-07','13:30:00','15:30:00',N'Christian',220,N'10000000110');
INSERT INTO FUNERAL_SERVICE (ServiceID,ServiceDate,StartTime,EndTime,ServiceType,ExpectedAttendees,DeceasedSSN) VALUES (N'SRV0051','2024-04-23','10:30:00','12:30:00',N'Islamic',45,N'10000000111');
INSERT INTO FUNERAL_SERVICE (ServiceID,ServiceDate,StartTime,EndTime,ServiceType,ExpectedAttendees,DeceasedSSN) VALUES (N'SRV0052','2025-09-07','13:45:00','15:45:00',N'Veteran',298,N'10000000112');
INSERT INTO FUNERAL_SERVICE (ServiceID,ServiceDate,StartTime,EndTime,ServiceType,ExpectedAttendees,DeceasedSSN) VALUES (N'SRV0053','2025-06-09','09:30:00','11:30:00',N'Family',69,N'10000000113');
INSERT INTO FUNERAL_SERVICE (ServiceID,ServiceDate,StartTime,EndTime,ServiceType,ExpectedAttendees,DeceasedSSN) VALUES (N'SRV0054','2023-09-01','15:45:00','17:45:00',N'Family',214,N'10000000114');
INSERT INTO FUNERAL_SERVICE (ServiceID,ServiceDate,StartTime,EndTime,ServiceType,ExpectedAttendees,DeceasedSSN) VALUES (N'SRV0055','2024-07-18','08:45:00','10:45:00',N'Family',115,N'10000000115');
INSERT INTO FUNERAL_SERVICE (ServiceID,ServiceDate,StartTime,EndTime,ServiceType,ExpectedAttendees,DeceasedSSN) VALUES (N'SRV0056','2023-12-17','13:15:00','15:15:00',N'Veteran',82,N'10000000116');
INSERT INTO FUNERAL_SERVICE (ServiceID,ServiceDate,StartTime,EndTime,ServiceType,ExpectedAttendees,DeceasedSSN) VALUES (N'SRV0057','2024-02-05','17:00:00','19:00:00',N'Christian',290,N'10000000117');
INSERT INTO FUNERAL_SERVICE (ServiceID,ServiceDate,StartTime,EndTime,ServiceType,ExpectedAttendees,DeceasedSSN) VALUES (N'SRV0058','2023-12-28','08:00:00','10:00:00',N'Islamic',155,N'10000000118');
INSERT INTO FUNERAL_SERVICE (ServiceID,ServiceDate,StartTime,EndTime,ServiceType,ExpectedAttendees,DeceasedSSN) VALUES (N'SRV0059','2024-01-10','08:45:00','10:45:00',N'Veteran',226,N'10000000119');
INSERT INTO FUNERAL_SERVICE (ServiceID,ServiceDate,StartTime,EndTime,ServiceType,ExpectedAttendees,DeceasedSSN) VALUES (N'SRV0060','2023-12-24','10:15:00','12:15:00',N'Islamic',244,N'10000000120');
INSERT INTO FUNERAL_SERVICE (ServiceID,ServiceDate,StartTime,EndTime,ServiceType,ExpectedAttendees,DeceasedSSN) VALUES (N'SRV0061','2025-01-03','11:30:00','13:30:00',N'Christian',243,N'10000000121');
INSERT INTO FUNERAL_SERVICE (ServiceID,ServiceDate,StartTime,EndTime,ServiceType,ExpectedAttendees,DeceasedSSN) VALUES (N'SRV0062','2025-11-11','13:30:00','15:30:00',N'Islamic',220,N'10000000122');
INSERT INTO FUNERAL_SERVICE (ServiceID,ServiceDate,StartTime,EndTime,ServiceType,ExpectedAttendees,DeceasedSSN) VALUES (N'SRV0063','2024-08-05','09:00:00','11:00:00',N'Christian',144,N'10000000123');
INSERT INTO FUNERAL_SERVICE (ServiceID,ServiceDate,StartTime,EndTime,ServiceType,ExpectedAttendees,DeceasedSSN) VALUES (N'SRV0064','2025-08-19','16:00:00','18:00:00',N'Memorial',65,N'10000000124');
INSERT INTO FUNERAL_SERVICE (ServiceID,ServiceDate,StartTime,EndTime,ServiceType,ExpectedAttendees,DeceasedSSN) VALUES (N'SRV0065','2025-04-20','15:30:00','17:30:00',N'Veteran',197,N'10000000125');
INSERT INTO FUNERAL_SERVICE (ServiceID,ServiceDate,StartTime,EndTime,ServiceType,ExpectedAttendees,DeceasedSSN) VALUES (N'SRV0066','2025-02-19','09:45:00','11:45:00',N'Islamic',218,N'10000000126');
INSERT INTO FUNERAL_SERVICE (ServiceID,ServiceDate,StartTime,EndTime,ServiceType,ExpectedAttendees,DeceasedSSN) VALUES (N'SRV0067','2025-07-20','11:30:00','13:30:00',N'Family',185,N'10000000127');
INSERT INTO FUNERAL_SERVICE (ServiceID,ServiceDate,StartTime,EndTime,ServiceType,ExpectedAttendees,DeceasedSSN) VALUES (N'SRV0068','2024-09-04','17:15:00','19:15:00',N'Memorial',218,N'10000000128');
INSERT INTO FUNERAL_SERVICE (ServiceID,ServiceDate,StartTime,EndTime,ServiceType,ExpectedAttendees,DeceasedSSN) VALUES (N'SRV0069','2024-11-10','17:45:00','19:45:00',N'Christian',155,N'10000000129');
INSERT INTO FUNERAL_SERVICE (ServiceID,ServiceDate,StartTime,EndTime,ServiceType,ExpectedAttendees,DeceasedSSN) VALUES (N'SRV0070','2026-03-10','10:00:00','12:00:00',N'Memorial',42,N'10000000130');
INSERT INTO FUNERAL_SERVICE (ServiceID,ServiceDate,StartTime,EndTime,ServiceType,ExpectedAttendees,DeceasedSSN) VALUES (N'SRV0071','2024-11-23','11:30:00','13:30:00',N'Islamic',201,N'10000000131');
INSERT INTO FUNERAL_SERVICE (ServiceID,ServiceDate,StartTime,EndTime,ServiceType,ExpectedAttendees,DeceasedSSN) VALUES (N'SRV0072','2025-09-28','08:45:00','10:45:00',N'Veteran',83,N'10000000132');
INSERT INTO FUNERAL_SERVICE (ServiceID,ServiceDate,StartTime,EndTime,ServiceType,ExpectedAttendees,DeceasedSSN) VALUES (N'SRV0073','2026-05-31','11:15:00','13:15:00',N'Memorial',281,N'10000000133');
INSERT INTO FUNERAL_SERVICE (ServiceID,ServiceDate,StartTime,EndTime,ServiceType,ExpectedAttendees,DeceasedSSN) VALUES (N'SRV0074','2026-04-22','08:15:00','10:15:00',N'Veteran',77,N'10000000134');
INSERT INTO FUNERAL_SERVICE (ServiceID,ServiceDate,StartTime,EndTime,ServiceType,ExpectedAttendees,DeceasedSSN) VALUES (N'SRV0075','2024-02-24','08:15:00','10:15:00',N'Family',241,N'10000000135');
INSERT INTO FUNERAL_SERVICE (ServiceID,ServiceDate,StartTime,EndTime,ServiceType,ExpectedAttendees,DeceasedSSN) VALUES (N'SRV0076','2026-03-18','13:45:00','15:45:00',N'Islamic',78,N'10000000136');
INSERT INTO FUNERAL_SERVICE (ServiceID,ServiceDate,StartTime,EndTime,ServiceType,ExpectedAttendees,DeceasedSSN) VALUES (N'SRV0077','2025-03-09','16:15:00','18:15:00',N'Memorial',68,N'10000000137');
INSERT INTO FUNERAL_SERVICE (ServiceID,ServiceDate,StartTime,EndTime,ServiceType,ExpectedAttendees,DeceasedSSN) VALUES (N'SRV0078','2026-05-25','17:00:00','19:00:00',N'Memorial',96,N'10000000138');
INSERT INTO FUNERAL_SERVICE (ServiceID,ServiceDate,StartTime,EndTime,ServiceType,ExpectedAttendees,DeceasedSSN) VALUES (N'SRV0079','2025-10-08','11:30:00','13:30:00',N'Veteran',191,N'10000000139');
INSERT INTO FUNERAL_SERVICE (ServiceID,ServiceDate,StartTime,EndTime,ServiceType,ExpectedAttendees,DeceasedSSN) VALUES (N'SRV0080','2025-11-27','14:30:00','16:30:00',N'Veteran',261,N'10000000140');
INSERT INTO FUNERAL_SERVICE (ServiceID,ServiceDate,StartTime,EndTime,ServiceType,ExpectedAttendees,DeceasedSSN) VALUES (N'SRV0081','2024-07-19','12:15:00','14:15:00',N'Islamic',133,N'10000000141');
INSERT INTO FUNERAL_SERVICE (ServiceID,ServiceDate,StartTime,EndTime,ServiceType,ExpectedAttendees,DeceasedSSN) VALUES (N'SRV0082','2025-04-04','10:00:00','12:00:00',N'Christian',84,N'10000000142');
INSERT INTO FUNERAL_SERVICE (ServiceID,ServiceDate,StartTime,EndTime,ServiceType,ExpectedAttendees,DeceasedSSN) VALUES (N'SRV0083','2024-06-21','10:45:00','12:45:00',N'Memorial',190,N'10000000143');
INSERT INTO FUNERAL_SERVICE (ServiceID,ServiceDate,StartTime,EndTime,ServiceType,ExpectedAttendees,DeceasedSSN) VALUES (N'SRV0084','2024-11-01','14:00:00','16:00:00',N'Family',213,N'10000000144');
INSERT INTO FUNERAL_SERVICE (ServiceID,ServiceDate,StartTime,EndTime,ServiceType,ExpectedAttendees,DeceasedSSN) VALUES (N'SRV0085','2024-04-10','11:45:00','13:45:00',N'Veteran',267,N'10000000145');
INSERT INTO FUNERAL_SERVICE (ServiceID,ServiceDate,StartTime,EndTime,ServiceType,ExpectedAttendees,DeceasedSSN) VALUES (N'SRV0086','2024-06-08','12:00:00','14:00:00',N'Islamic',110,N'10000000146');
INSERT INTO FUNERAL_SERVICE (ServiceID,ServiceDate,StartTime,EndTime,ServiceType,ExpectedAttendees,DeceasedSSN) VALUES (N'SRV0087','2023-07-21','12:00:00','14:00:00',N'Christian',197,N'10000000147');
INSERT INTO FUNERAL_SERVICE (ServiceID,ServiceDate,StartTime,EndTime,ServiceType,ExpectedAttendees,DeceasedSSN) VALUES (N'SRV0088','2026-04-06','10:00:00','12:00:00',N'Christian',212,N'10000000148');
INSERT INTO FUNERAL_SERVICE (ServiceID,ServiceDate,StartTime,EndTime,ServiceType,ExpectedAttendees,DeceasedSSN) VALUES (N'SRV0089','2025-02-20','14:00:00','16:00:00',N'Veteran',163,N'10000000149');
INSERT INTO FUNERAL_SERVICE (ServiceID,ServiceDate,StartTime,EndTime,ServiceType,ExpectedAttendees,DeceasedSSN) VALUES (N'SRV0090','2026-05-15','10:00:00','12:00:00',N'Memorial',261,N'10000000150');
INSERT INTO FUNERAL_SERVICE (ServiceID,ServiceDate,StartTime,EndTime,ServiceType,ExpectedAttendees,DeceasedSSN) VALUES (N'SRV0091','2024-09-21','16:15:00','18:15:00',N'Islamic',266,N'10000000151');
INSERT INTO FUNERAL_SERVICE (ServiceID,ServiceDate,StartTime,EndTime,ServiceType,ExpectedAttendees,DeceasedSSN) VALUES (N'SRV0092','2023-12-27','09:15:00','11:15:00',N'Islamic',36,N'10000000152');
INSERT INTO FUNERAL_SERVICE (ServiceID,ServiceDate,StartTime,EndTime,ServiceType,ExpectedAttendees,DeceasedSSN) VALUES (N'SRV0093','2025-11-26','08:15:00','10:15:00',N'Christian',131,N'10000000153');
INSERT INTO FUNERAL_SERVICE (ServiceID,ServiceDate,StartTime,EndTime,ServiceType,ExpectedAttendees,DeceasedSSN) VALUES (N'SRV0094','2025-01-29','14:30:00','16:30:00',N'Islamic',162,N'10000000154');
INSERT INTO FUNERAL_SERVICE (ServiceID,ServiceDate,StartTime,EndTime,ServiceType,ExpectedAttendees,DeceasedSSN) VALUES (N'SRV0095','2025-01-01','09:00:00','11:00:00',N'Islamic',131,N'10000000155');
GO
-- ===== PAYMENT =====
INSERT INTO PAYMENT (ReceiptNo,Amount,PaymentDate,PaymentMethod,Currency,BillingAddress,OwnerSSN) VALUES (N'RCP0001',16030,'2024-03-20',N'Cash',N'TRY',N'Antalya',N'10000000037');
INSERT INTO PAYMENT (ReceiptNo,Amount,PaymentDate,PaymentMethod,Currency,BillingAddress,OwnerSSN) VALUES (N'RCP0002',5514,'2023-09-26',N'Card',N'TRY',N'Antalya',N'10000000019');
INSERT INTO PAYMENT (ReceiptNo,Amount,PaymentDate,PaymentMethod,Currency,BillingAddress,OwnerSSN) VALUES (N'RCP0003',7004,'2025-12-04',N'Transfer',N'TRY',N'Antalya',N'10000000041');
INSERT INTO PAYMENT (ReceiptNo,Amount,PaymentDate,PaymentMethod,Currency,BillingAddress,OwnerSSN) VALUES (N'RCP0004',17757,'2023-08-30',N'Card',N'TRY',N'Antalya',N'10000000059');
INSERT INTO PAYMENT (ReceiptNo,Amount,PaymentDate,PaymentMethod,Currency,BillingAddress,OwnerSSN) VALUES (N'RCP0005',15480,'2024-06-18',N'Card',N'TRY',N'Antalya',N'10000000029');
INSERT INTO PAYMENT (ReceiptNo,Amount,PaymentDate,PaymentMethod,Currency,BillingAddress,OwnerSSN) VALUES (N'RCP0006',7632,'2025-01-14',N'Card',N'TRY',N'Antalya',N'10000000044');
INSERT INTO PAYMENT (ReceiptNo,Amount,PaymentDate,PaymentMethod,Currency,BillingAddress,OwnerSSN) VALUES (N'RCP0007',6370,'2023-09-09',N'Transfer',N'TRY',N'Antalya',N'10000000055');
INSERT INTO PAYMENT (ReceiptNo,Amount,PaymentDate,PaymentMethod,Currency,BillingAddress,OwnerSSN) VALUES (N'RCP0008',9553,'2025-02-24',N'Card',N'TRY',N'Antalya',N'10000000042');
INSERT INTO PAYMENT (ReceiptNo,Amount,PaymentDate,PaymentMethod,Currency,BillingAddress,OwnerSSN) VALUES (N'RCP0009',17196,'2023-11-02',N'Cash',N'TRY',N'Antalya',N'10000000033');
INSERT INTO PAYMENT (ReceiptNo,Amount,PaymentDate,PaymentMethod,Currency,BillingAddress,OwnerSSN) VALUES (N'RCP0010',14050,'2024-04-07',N'Card',N'TRY',N'Antalya',N'10000000028');
INSERT INTO PAYMENT (ReceiptNo,Amount,PaymentDate,PaymentMethod,Currency,BillingAddress,OwnerSSN) VALUES (N'RCP0011',9664,'2023-08-09',N'Card',N'TRY',N'Antalya',N'10000000038');
INSERT INTO PAYMENT (ReceiptNo,Amount,PaymentDate,PaymentMethod,Currency,BillingAddress,OwnerSSN) VALUES (N'RCP0012',17218,'2026-03-19',N'Card',N'TRY',N'Antalya',N'10000000052');
INSERT INTO PAYMENT (ReceiptNo,Amount,PaymentDate,PaymentMethod,Currency,BillingAddress,OwnerSSN) VALUES (N'RCP0013',17962,'2025-04-19',N'Card',N'TRY',N'Antalya',N'10000000033');
INSERT INTO PAYMENT (ReceiptNo,Amount,PaymentDate,PaymentMethod,Currency,BillingAddress,OwnerSSN) VALUES (N'RCP0014',7392,'2023-08-23',N'Card',N'TRY',N'Antalya',N'10000000054');
INSERT INTO PAYMENT (ReceiptNo,Amount,PaymentDate,PaymentMethod,Currency,BillingAddress,OwnerSSN) VALUES (N'RCP0015',8676,'2023-08-30',N'Card',N'TRY',N'Antalya',N'10000000019');
INSERT INTO PAYMENT (ReceiptNo,Amount,PaymentDate,PaymentMethod,Currency,BillingAddress,OwnerSSN) VALUES (N'RCP0016',16956,'2026-06-19',N'Card',N'TRY',N'Antalya',N'10000000053');
INSERT INTO PAYMENT (ReceiptNo,Amount,PaymentDate,PaymentMethod,Currency,BillingAddress,OwnerSSN) VALUES (N'RCP0017',9127,'2024-05-22',N'Cash',N'TRY',N'Antalya',N'10000000031');
INSERT INTO PAYMENT (ReceiptNo,Amount,PaymentDate,PaymentMethod,Currency,BillingAddress,OwnerSSN) VALUES (N'RCP0018',9402,'2024-12-27',N'Transfer',N'TRY',N'Antalya',N'10000000019');
INSERT INTO PAYMENT (ReceiptNo,Amount,PaymentDate,PaymentMethod,Currency,BillingAddress,OwnerSSN) VALUES (N'RCP0019',8689,'2025-09-03',N'Card',N'TRY',N'Antalya',N'10000000027');
INSERT INTO PAYMENT (ReceiptNo,Amount,PaymentDate,PaymentMethod,Currency,BillingAddress,OwnerSSN) VALUES (N'RCP0020',7270,'2024-10-27',N'Transfer',N'TRY',N'Antalya',N'10000000036');
INSERT INTO PAYMENT (ReceiptNo,Amount,PaymentDate,PaymentMethod,Currency,BillingAddress,OwnerSSN) VALUES (N'RCP0021',13256,'2023-08-27',N'Transfer',N'TRY',N'Antalya',N'10000000060');
INSERT INTO PAYMENT (ReceiptNo,Amount,PaymentDate,PaymentMethod,Currency,BillingAddress,OwnerSSN) VALUES (N'RCP0022',13023,'2024-04-17',N'Transfer',N'TRY',N'Antalya',N'10000000028');
INSERT INTO PAYMENT (ReceiptNo,Amount,PaymentDate,PaymentMethod,Currency,BillingAddress,OwnerSSN) VALUES (N'RCP0023',17629,'2025-03-24',N'Cash',N'TRY',N'Antalya',N'10000000047');
INSERT INTO PAYMENT (ReceiptNo,Amount,PaymentDate,PaymentMethod,Currency,BillingAddress,OwnerSSN) VALUES (N'RCP0024',2743,'2024-01-01',N'Cash',N'TRY',N'Antalya',N'10000000030');
INSERT INTO PAYMENT (ReceiptNo,Amount,PaymentDate,PaymentMethod,Currency,BillingAddress,OwnerSSN) VALUES (N'RCP0025',8669,'2023-08-10',N'Transfer',N'TRY',N'Antalya',N'10000000046');
INSERT INTO PAYMENT (ReceiptNo,Amount,PaymentDate,PaymentMethod,Currency,BillingAddress,OwnerSSN) VALUES (N'RCP0026',1522,'2025-05-10',N'Transfer',N'TRY',N'Antalya',N'10000000028');
INSERT INTO PAYMENT (ReceiptNo,Amount,PaymentDate,PaymentMethod,Currency,BillingAddress,OwnerSSN) VALUES (N'RCP0027',5775,'2025-05-28',N'Transfer',N'TRY',N'Antalya',N'10000000027');
INSERT INTO PAYMENT (ReceiptNo,Amount,PaymentDate,PaymentMethod,Currency,BillingAddress,OwnerSSN) VALUES (N'RCP0028',12103,'2023-10-30',N'Cash',N'TRY',N'Antalya',N'10000000025');
INSERT INTO PAYMENT (ReceiptNo,Amount,PaymentDate,PaymentMethod,Currency,BillingAddress,OwnerSSN) VALUES (N'RCP0029',6141,'2024-02-13',N'Transfer',N'TRY',N'Antalya',N'10000000039');
INSERT INTO PAYMENT (ReceiptNo,Amount,PaymentDate,PaymentMethod,Currency,BillingAddress,OwnerSSN) VALUES (N'RCP0030',3876,'2025-08-04',N'Transfer',N'TRY',N'Antalya',N'10000000058');
INSERT INTO PAYMENT (ReceiptNo,Amount,PaymentDate,PaymentMethod,Currency,BillingAddress,OwnerSSN) VALUES (N'RCP0031',14462,'2024-01-23',N'Card',N'TRY',N'Antalya',N'10000000035');
INSERT INTO PAYMENT (ReceiptNo,Amount,PaymentDate,PaymentMethod,Currency,BillingAddress,OwnerSSN) VALUES (N'RCP0032',12071,'2024-04-05',N'Cash',N'TRY',N'Antalya',N'10000000043');
INSERT INTO PAYMENT (ReceiptNo,Amount,PaymentDate,PaymentMethod,Currency,BillingAddress,OwnerSSN) VALUES (N'RCP0033',17464,'2025-04-10',N'Cash',N'TRY',N'Antalya',N'10000000051');
INSERT INTO PAYMENT (ReceiptNo,Amount,PaymentDate,PaymentMethod,Currency,BillingAddress,OwnerSSN) VALUES (N'RCP0034',13192,'2024-09-30',N'Transfer',N'TRY',N'Antalya',N'10000000053');
INSERT INTO PAYMENT (ReceiptNo,Amount,PaymentDate,PaymentMethod,Currency,BillingAddress,OwnerSSN) VALUES (N'RCP0035',7245,'2025-08-13',N'Card',N'TRY',N'Antalya',N'10000000060');
INSERT INTO PAYMENT (ReceiptNo,Amount,PaymentDate,PaymentMethod,Currency,BillingAddress,OwnerSSN) VALUES (N'RCP0036',11150,'2024-03-17',N'Cash',N'TRY',N'Antalya',N'10000000016');
INSERT INTO PAYMENT (ReceiptNo,Amount,PaymentDate,PaymentMethod,Currency,BillingAddress,OwnerSSN) VALUES (N'RCP0037',14331,'2023-09-05',N'Cash',N'TRY',N'Antalya',N'10000000054');
INSERT INTO PAYMENT (ReceiptNo,Amount,PaymentDate,PaymentMethod,Currency,BillingAddress,OwnerSSN) VALUES (N'RCP0038',11927,'2024-09-25',N'Transfer',N'TRY',N'Antalya',N'10000000052');
INSERT INTO PAYMENT (ReceiptNo,Amount,PaymentDate,PaymentMethod,Currency,BillingAddress,OwnerSSN) VALUES (N'RCP0039',4911,'2026-04-12',N'Cash',N'TRY',N'Antalya',N'10000000037');
INSERT INTO PAYMENT (ReceiptNo,Amount,PaymentDate,PaymentMethod,Currency,BillingAddress,OwnerSSN) VALUES (N'RCP0040',4049,'2024-10-30',N'Card',N'TRY',N'Antalya',N'10000000036');
INSERT INTO PAYMENT (ReceiptNo,Amount,PaymentDate,PaymentMethod,Currency,BillingAddress,OwnerSSN) VALUES (N'RCP0041',7001,'2023-12-29',N'Transfer',N'TRY',N'Antalya',N'10000000058');
INSERT INTO PAYMENT (ReceiptNo,Amount,PaymentDate,PaymentMethod,Currency,BillingAddress,OwnerSSN) VALUES (N'RCP0042',12501,'2025-12-31',N'Cash',N'TRY',N'Antalya',N'10000000032');
INSERT INTO PAYMENT (ReceiptNo,Amount,PaymentDate,PaymentMethod,Currency,BillingAddress,OwnerSSN) VALUES (N'RCP0043',8370,'2024-11-23',N'Transfer',N'TRY',N'Antalya',N'10000000020');
INSERT INTO PAYMENT (ReceiptNo,Amount,PaymentDate,PaymentMethod,Currency,BillingAddress,OwnerSSN) VALUES (N'RCP0044',12984,'2024-12-07',N'Cash',N'TRY',N'Antalya',N'10000000016');
INSERT INTO PAYMENT (ReceiptNo,Amount,PaymentDate,PaymentMethod,Currency,BillingAddress,OwnerSSN) VALUES (N'RCP0045',3077,'2025-08-29',N'Card',N'TRY',N'Antalya',N'10000000042');
INSERT INTO PAYMENT (ReceiptNo,Amount,PaymentDate,PaymentMethod,Currency,BillingAddress,OwnerSSN) VALUES (N'RCP0046',6950,'2025-10-25',N'Card',N'TRY',N'Antalya',N'10000000040');
INSERT INTO PAYMENT (ReceiptNo,Amount,PaymentDate,PaymentMethod,Currency,BillingAddress,OwnerSSN) VALUES (N'RCP0047',13009,'2025-08-07',N'Cash',N'TRY',N'Antalya',N'10000000046');
INSERT INTO PAYMENT (ReceiptNo,Amount,PaymentDate,PaymentMethod,Currency,BillingAddress,OwnerSSN) VALUES (N'RCP0048',8891,'2024-05-29',N'Card',N'TRY',N'Antalya',N'10000000020');
INSERT INTO PAYMENT (ReceiptNo,Amount,PaymentDate,PaymentMethod,Currency,BillingAddress,OwnerSSN) VALUES (N'RCP0049',2594,'2025-02-23',N'Cash',N'TRY',N'Antalya',N'10000000036');
INSERT INTO PAYMENT (ReceiptNo,Amount,PaymentDate,PaymentMethod,Currency,BillingAddress,OwnerSSN) VALUES (N'RCP0050',10056,'2024-01-31',N'Cash',N'TRY',N'Antalya',N'10000000037');
INSERT INTO PAYMENT (ReceiptNo,Amount,PaymentDate,PaymentMethod,Currency,BillingAddress,OwnerSSN) VALUES (N'RCP0051',7074,'2025-08-07',N'Cash',N'TRY',N'Antalya',N'10000000020');
INSERT INTO PAYMENT (ReceiptNo,Amount,PaymentDate,PaymentMethod,Currency,BillingAddress,OwnerSSN) VALUES (N'RCP0052',4550,'2025-05-23',N'Transfer',N'TRY',N'Antalya',N'10000000055');
INSERT INTO PAYMENT (ReceiptNo,Amount,PaymentDate,PaymentMethod,Currency,BillingAddress,OwnerSSN) VALUES (N'RCP0053',17318,'2023-09-02',N'Card',N'TRY',N'Antalya',N'10000000057');
INSERT INTO PAYMENT (ReceiptNo,Amount,PaymentDate,PaymentMethod,Currency,BillingAddress,OwnerSSN) VALUES (N'RCP0054',6906,'2025-12-06',N'Cash',N'TRY',N'Antalya',N'10000000019');
INSERT INTO PAYMENT (ReceiptNo,Amount,PaymentDate,PaymentMethod,Currency,BillingAddress,OwnerSSN) VALUES (N'RCP0055',4818,'2025-05-09',N'Cash',N'TRY',N'Antalya',N'10000000028');
INSERT INTO PAYMENT (ReceiptNo,Amount,PaymentDate,PaymentMethod,Currency,BillingAddress,OwnerSSN) VALUES (N'RCP0056',14911,'2024-12-25',N'Transfer',N'TRY',N'Antalya',N'10000000034');
INSERT INTO PAYMENT (ReceiptNo,Amount,PaymentDate,PaymentMethod,Currency,BillingAddress,OwnerSSN) VALUES (N'RCP0057',11245,'2024-10-29',N'Cash',N'TRY',N'Antalya',N'10000000019');
INSERT INTO PAYMENT (ReceiptNo,Amount,PaymentDate,PaymentMethod,Currency,BillingAddress,OwnerSSN) VALUES (N'RCP0058',14374,'2026-04-01',N'Cash',N'TRY',N'Antalya',N'10000000019');
INSERT INTO PAYMENT (ReceiptNo,Amount,PaymentDate,PaymentMethod,Currency,BillingAddress,OwnerSSN) VALUES (N'RCP0059',13323,'2023-07-08',N'Card',N'TRY',N'Antalya',N'10000000021');
INSERT INTO PAYMENT (ReceiptNo,Amount,PaymentDate,PaymentMethod,Currency,BillingAddress,OwnerSSN) VALUES (N'RCP0060',11151,'2026-03-10',N'Cash',N'TRY',N'Antalya',N'10000000022');
INSERT INTO PAYMENT (ReceiptNo,Amount,PaymentDate,PaymentMethod,Currency,BillingAddress,OwnerSSN) VALUES (N'RCP0061',2343,'2024-08-27',N'Cash',N'TRY',N'Antalya',N'10000000056');
INSERT INTO PAYMENT (ReceiptNo,Amount,PaymentDate,PaymentMethod,Currency,BillingAddress,OwnerSSN) VALUES (N'RCP0062',11062,'2023-12-15',N'Card',N'TRY',N'Antalya',N'10000000023');
INSERT INTO PAYMENT (ReceiptNo,Amount,PaymentDate,PaymentMethod,Currency,BillingAddress,OwnerSSN) VALUES (N'RCP0063',11604,'2025-09-22',N'Card',N'TRY',N'Antalya',N'10000000047');
INSERT INTO PAYMENT (ReceiptNo,Amount,PaymentDate,PaymentMethod,Currency,BillingAddress,OwnerSSN) VALUES (N'RCP0064',10183,'2024-01-03',N'Transfer',N'TRY',N'Antalya',N'10000000050');
INSERT INTO PAYMENT (ReceiptNo,Amount,PaymentDate,PaymentMethod,Currency,BillingAddress,OwnerSSN) VALUES (N'RCP0065',14198,'2024-07-13',N'Card',N'TRY',N'Antalya',N'10000000040');
INSERT INTO PAYMENT (ReceiptNo,Amount,PaymentDate,PaymentMethod,Currency,BillingAddress,OwnerSSN) VALUES (N'RCP0066',13604,'2024-07-17',N'Card',N'TRY',N'Antalya',N'10000000018');
INSERT INTO PAYMENT (ReceiptNo,Amount,PaymentDate,PaymentMethod,Currency,BillingAddress,OwnerSSN) VALUES (N'RCP0067',10127,'2025-12-17',N'Card',N'TRY',N'Antalya',N'10000000032');
INSERT INTO PAYMENT (ReceiptNo,Amount,PaymentDate,PaymentMethod,Currency,BillingAddress,OwnerSSN) VALUES (N'RCP0068',8913,'2025-01-01',N'Transfer',N'TRY',N'Antalya',N'10000000019');
INSERT INTO PAYMENT (ReceiptNo,Amount,PaymentDate,PaymentMethod,Currency,BillingAddress,OwnerSSN) VALUES (N'RCP0069',6452,'2024-01-15',N'Cash',N'TRY',N'Antalya',N'10000000058');
INSERT INTO PAYMENT (ReceiptNo,Amount,PaymentDate,PaymentMethod,Currency,BillingAddress,OwnerSSN) VALUES (N'RCP0070',12765,'2025-10-25',N'Transfer',N'TRY',N'Antalya',N'10000000030');
INSERT INTO PAYMENT (ReceiptNo,Amount,PaymentDate,PaymentMethod,Currency,BillingAddress,OwnerSSN) VALUES (N'RCP0071',3498,'2025-08-31',N'Transfer',N'TRY',N'Antalya',N'10000000042');
INSERT INTO PAYMENT (ReceiptNo,Amount,PaymentDate,PaymentMethod,Currency,BillingAddress,OwnerSSN) VALUES (N'RCP0072',17059,'2024-10-25',N'Card',N'TRY',N'Antalya',N'10000000035');
INSERT INTO PAYMENT (ReceiptNo,Amount,PaymentDate,PaymentMethod,Currency,BillingAddress,OwnerSSN) VALUES (N'RCP0073',4087,'2025-09-16',N'Transfer',N'TRY',N'Antalya',N'10000000018');
INSERT INTO PAYMENT (ReceiptNo,Amount,PaymentDate,PaymentMethod,Currency,BillingAddress,OwnerSSN) VALUES (N'RCP0074',17952,'2026-05-24',N'Transfer',N'TRY',N'Antalya',N'10000000059');
INSERT INTO PAYMENT (ReceiptNo,Amount,PaymentDate,PaymentMethod,Currency,BillingAddress,OwnerSSN) VALUES (N'RCP0075',6331,'2024-03-03',N'Card',N'TRY',N'Antalya',N'10000000027');
INSERT INTO PAYMENT (ReceiptNo,Amount,PaymentDate,PaymentMethod,Currency,BillingAddress,OwnerSSN) VALUES (N'RCP0076',6977,'2024-09-06',N'Cash',N'TRY',N'Antalya',N'10000000024');
INSERT INTO PAYMENT (ReceiptNo,Amount,PaymentDate,PaymentMethod,Currency,BillingAddress,OwnerSSN) VALUES (N'RCP0077',2898,'2025-11-14',N'Cash',N'TRY',N'Antalya',N'10000000059');
INSERT INTO PAYMENT (ReceiptNo,Amount,PaymentDate,PaymentMethod,Currency,BillingAddress,OwnerSSN) VALUES (N'RCP0078',15766,'2024-08-17',N'Transfer',N'TRY',N'Antalya',N'10000000025');
INSERT INTO PAYMENT (ReceiptNo,Amount,PaymentDate,PaymentMethod,Currency,BillingAddress,OwnerSSN) VALUES (N'RCP0079',9950,'2025-04-15',N'Transfer',N'TRY',N'Antalya',N'10000000020');
INSERT INTO PAYMENT (ReceiptNo,Amount,PaymentDate,PaymentMethod,Currency,BillingAddress,OwnerSSN) VALUES (N'RCP0080',4351,'2025-09-02',N'Transfer',N'TRY',N'Antalya',N'10000000041');
INSERT INTO PAYMENT (ReceiptNo,Amount,PaymentDate,PaymentMethod,Currency,BillingAddress,OwnerSSN) VALUES (N'RCP0081',12186,'2025-01-16',N'Transfer',N'TRY',N'Antalya',N'10000000045');
INSERT INTO PAYMENT (ReceiptNo,Amount,PaymentDate,PaymentMethod,Currency,BillingAddress,OwnerSSN) VALUES (N'RCP0082',1905,'2026-06-05',N'Card',N'TRY',N'Antalya',N'10000000023');
INSERT INTO PAYMENT (ReceiptNo,Amount,PaymentDate,PaymentMethod,Currency,BillingAddress,OwnerSSN) VALUES (N'RCP0083',15080,'2024-05-02',N'Cash',N'TRY',N'Antalya',N'10000000052');
INSERT INTO PAYMENT (ReceiptNo,Amount,PaymentDate,PaymentMethod,Currency,BillingAddress,OwnerSSN) VALUES (N'RCP0084',4783,'2024-02-02',N'Transfer',N'TRY',N'Antalya',N'10000000022');
INSERT INTO PAYMENT (ReceiptNo,Amount,PaymentDate,PaymentMethod,Currency,BillingAddress,OwnerSSN) VALUES (N'RCP0085',10874,'2025-06-04',N'Card',N'TRY',N'Antalya',N'10000000032');
INSERT INTO PAYMENT (ReceiptNo,Amount,PaymentDate,PaymentMethod,Currency,BillingAddress,OwnerSSN) VALUES (N'RCP0086',14051,'2026-03-21',N'Transfer',N'TRY',N'Antalya',N'10000000054');
INSERT INTO PAYMENT (ReceiptNo,Amount,PaymentDate,PaymentMethod,Currency,BillingAddress,OwnerSSN) VALUES (N'RCP0087',17000,'2023-09-15',N'Cash',N'TRY',N'Antalya',N'10000000033');
INSERT INTO PAYMENT (ReceiptNo,Amount,PaymentDate,PaymentMethod,Currency,BillingAddress,OwnerSSN) VALUES (N'RCP0088',14704,'2024-04-20',N'Transfer',N'TRY',N'Antalya',N'10000000054');
INSERT INTO PAYMENT (ReceiptNo,Amount,PaymentDate,PaymentMethod,Currency,BillingAddress,OwnerSSN) VALUES (N'RCP0089',14663,'2023-09-18',N'Card',N'TRY',N'Antalya',N'10000000037');
INSERT INTO PAYMENT (ReceiptNo,Amount,PaymentDate,PaymentMethod,Currency,BillingAddress,OwnerSSN) VALUES (N'RCP0090',9284,'2023-10-09',N'Transfer',N'TRY',N'Antalya',N'10000000046');
INSERT INTO PAYMENT (ReceiptNo,Amount,PaymentDate,PaymentMethod,Currency,BillingAddress,OwnerSSN) VALUES (N'RCP0091',10300,'2025-08-01',N'Cash',N'TRY',N'Antalya',N'10000000037');
INSERT INTO PAYMENT (ReceiptNo,Amount,PaymentDate,PaymentMethod,Currency,BillingAddress,OwnerSSN) VALUES (N'RCP0092',11430,'2025-03-28',N'Card',N'TRY',N'Antalya',N'10000000047');
INSERT INTO PAYMENT (ReceiptNo,Amount,PaymentDate,PaymentMethod,Currency,BillingAddress,OwnerSSN) VALUES (N'RCP0093',4718,'2024-10-09',N'Cash',N'TRY',N'Antalya',N'10000000035');
INSERT INTO PAYMENT (ReceiptNo,Amount,PaymentDate,PaymentMethod,Currency,BillingAddress,OwnerSSN) VALUES (N'RCP0094',16019,'2025-04-18',N'Card',N'TRY',N'Antalya',N'10000000042');
INSERT INTO PAYMENT (ReceiptNo,Amount,PaymentDate,PaymentMethod,Currency,BillingAddress,OwnerSSN) VALUES (N'RCP0095',4425,'2024-07-19',N'Card',N'TRY',N'Antalya',N'10000000029');
INSERT INTO PAYMENT (ReceiptNo,Amount,PaymentDate,PaymentMethod,Currency,BillingAddress,OwnerSSN) VALUES (N'RCP0096',14842,'2026-03-19',N'Transfer',N'TRY',N'Antalya',N'10000000039');
INSERT INTO PAYMENT (ReceiptNo,Amount,PaymentDate,PaymentMethod,Currency,BillingAddress,OwnerSSN) VALUES (N'RCP0097',3341,'2026-05-21',N'Cash',N'TRY',N'Antalya',N'10000000020');
INSERT INTO PAYMENT (ReceiptNo,Amount,PaymentDate,PaymentMethod,Currency,BillingAddress,OwnerSSN) VALUES (N'RCP0098',11694,'2026-05-03',N'Card',N'TRY',N'Antalya',N'10000000024');
INSERT INTO PAYMENT (ReceiptNo,Amount,PaymentDate,PaymentMethod,Currency,BillingAddress,OwnerSSN) VALUES (N'RCP0099',2448,'2024-06-20',N'Cash',N'TRY',N'Antalya',N'10000000028');
INSERT INTO PAYMENT (ReceiptNo,Amount,PaymentDate,PaymentMethod,Currency,BillingAddress,OwnerSSN) VALUES (N'RCP0100',3388,'2024-11-22',N'Cash',N'TRY',N'Antalya',N'10000000045');
INSERT INTO PAYMENT (ReceiptNo,Amount,PaymentDate,PaymentMethod,Currency,BillingAddress,OwnerSSN) VALUES (N'RCP0101',3156,'2025-07-08',N'Transfer',N'TRY',N'Antalya',N'10000000028');
INSERT INTO PAYMENT (ReceiptNo,Amount,PaymentDate,PaymentMethod,Currency,BillingAddress,OwnerSSN) VALUES (N'RCP0102',10477,'2025-07-24',N'Card',N'TRY',N'Antalya',N'10000000048');
INSERT INTO PAYMENT (ReceiptNo,Amount,PaymentDate,PaymentMethod,Currency,BillingAddress,OwnerSSN) VALUES (N'RCP0103',14507,'2024-03-10',N'Transfer',N'TRY',N'Antalya',N'10000000017');
INSERT INTO PAYMENT (ReceiptNo,Amount,PaymentDate,PaymentMethod,Currency,BillingAddress,OwnerSSN) VALUES (N'RCP0104',9427,'2025-08-01',N'Card',N'TRY',N'Antalya',N'10000000054');
INSERT INTO PAYMENT (ReceiptNo,Amount,PaymentDate,PaymentMethod,Currency,BillingAddress,OwnerSSN) VALUES (N'RCP0105',16117,'2024-06-28',N'Card',N'TRY',N'Antalya',N'10000000053');
INSERT INTO PAYMENT (ReceiptNo,Amount,PaymentDate,PaymentMethod,Currency,BillingAddress,OwnerSSN) VALUES (N'RCP0106',12960,'2025-06-05',N'Cash',N'TRY',N'Antalya',N'10000000032');
INSERT INTO PAYMENT (ReceiptNo,Amount,PaymentDate,PaymentMethod,Currency,BillingAddress,OwnerSSN) VALUES (N'RCP0107',4461,'2025-02-03',N'Cash',N'TRY',N'Antalya',N'10000000040');
INSERT INTO PAYMENT (ReceiptNo,Amount,PaymentDate,PaymentMethod,Currency,BillingAddress,OwnerSSN) VALUES (N'RCP0108',3126,'2024-05-29',N'Transfer',N'TRY',N'Antalya',N'10000000029');
INSERT INTO PAYMENT (ReceiptNo,Amount,PaymentDate,PaymentMethod,Currency,BillingAddress,OwnerSSN) VALUES (N'RCP0109',8753,'2024-10-04',N'Transfer',N'TRY',N'Antalya',N'10000000029');
INSERT INTO PAYMENT (ReceiptNo,Amount,PaymentDate,PaymentMethod,Currency,BillingAddress,OwnerSSN) VALUES (N'RCP0110',10317,'2025-10-16',N'Transfer',N'TRY',N'Antalya',N'10000000017');
INSERT INTO PAYMENT (ReceiptNo,Amount,PaymentDate,PaymentMethod,Currency,BillingAddress,OwnerSSN) VALUES (N'RCP0111',1791,'2026-02-25',N'Cash',N'TRY',N'Antalya',N'10000000057');
INSERT INTO PAYMENT (ReceiptNo,Amount,PaymentDate,PaymentMethod,Currency,BillingAddress,OwnerSSN) VALUES (N'RCP0112',7175,'2023-07-18',N'Cash',N'TRY',N'Antalya',N'10000000032');
INSERT INTO PAYMENT (ReceiptNo,Amount,PaymentDate,PaymentMethod,Currency,BillingAddress,OwnerSSN) VALUES (N'RCP0113',11509,'2025-01-14',N'Card',N'TRY',N'Antalya',N'10000000040');
INSERT INTO PAYMENT (ReceiptNo,Amount,PaymentDate,PaymentMethod,Currency,BillingAddress,OwnerSSN) VALUES (N'RCP0114',12926,'2026-01-26',N'Card',N'TRY',N'Antalya',N'10000000029');
INSERT INTO PAYMENT (ReceiptNo,Amount,PaymentDate,PaymentMethod,Currency,BillingAddress,OwnerSSN) VALUES (N'RCP0115',16792,'2025-03-10',N'Transfer',N'TRY',N'Antalya',N'10000000049');
INSERT INTO PAYMENT (ReceiptNo,Amount,PaymentDate,PaymentMethod,Currency,BillingAddress,OwnerSSN) VALUES (N'RCP0116',14513,'2024-01-26',N'Cash',N'TRY',N'Antalya',N'10000000048');
INSERT INTO PAYMENT (ReceiptNo,Amount,PaymentDate,PaymentMethod,Currency,BillingAddress,OwnerSSN) VALUES (N'RCP0117',13762,'2025-01-29',N'Card',N'TRY',N'Antalya',N'10000000059');
INSERT INTO PAYMENT (ReceiptNo,Amount,PaymentDate,PaymentMethod,Currency,BillingAddress,OwnerSSN) VALUES (N'RCP0118',5042,'2026-03-13',N'Cash',N'TRY',N'Antalya',N'10000000037');
INSERT INTO PAYMENT (ReceiptNo,Amount,PaymentDate,PaymentMethod,Currency,BillingAddress,OwnerSSN) VALUES (N'RCP0119',10559,'2025-04-26',N'Card',N'TRY',N'Antalya',N'10000000032');
INSERT INTO PAYMENT (ReceiptNo,Amount,PaymentDate,PaymentMethod,Currency,BillingAddress,OwnerSSN) VALUES (N'RCP0120',11290,'2024-07-20',N'Cash',N'TRY',N'Antalya',N'10000000049');
INSERT INTO PAYMENT (ReceiptNo,Amount,PaymentDate,PaymentMethod,Currency,BillingAddress,OwnerSSN) VALUES (N'RCP0121',9374,'2023-10-25',N'Transfer',N'TRY',N'Antalya',N'10000000041');
INSERT INTO PAYMENT (ReceiptNo,Amount,PaymentDate,PaymentMethod,Currency,BillingAddress,OwnerSSN) VALUES (N'RCP0122',11972,'2024-04-12',N'Transfer',N'TRY',N'Antalya',N'10000000017');
INSERT INTO PAYMENT (ReceiptNo,Amount,PaymentDate,PaymentMethod,Currency,BillingAddress,OwnerSSN) VALUES (N'RCP0123',17797,'2025-02-25',N'Card',N'TRY',N'Antalya',N'10000000042');
INSERT INTO PAYMENT (ReceiptNo,Amount,PaymentDate,PaymentMethod,Currency,BillingAddress,OwnerSSN) VALUES (N'RCP0124',14757,'2025-09-03',N'Transfer',N'TRY',N'Antalya',N'10000000018');
INSERT INTO PAYMENT (ReceiptNo,Amount,PaymentDate,PaymentMethod,Currency,BillingAddress,OwnerSSN) VALUES (N'RCP0125',7723,'2025-06-02',N'Transfer',N'TRY',N'Antalya',N'10000000030');
INSERT INTO PAYMENT (ReceiptNo,Amount,PaymentDate,PaymentMethod,Currency,BillingAddress,OwnerSSN) VALUES (N'RCP0126',17088,'2025-07-04',N'Transfer',N'TRY',N'Antalya',N'10000000035');
INSERT INTO PAYMENT (ReceiptNo,Amount,PaymentDate,PaymentMethod,Currency,BillingAddress,OwnerSSN) VALUES (N'RCP0127',7070,'2024-07-05',N'Card',N'TRY',N'Antalya',N'10000000022');
INSERT INTO PAYMENT (ReceiptNo,Amount,PaymentDate,PaymentMethod,Currency,BillingAddress,OwnerSSN) VALUES (N'RCP0128',16926,'2024-03-19',N'Transfer',N'TRY',N'Antalya',N'10000000032');
INSERT INTO PAYMENT (ReceiptNo,Amount,PaymentDate,PaymentMethod,Currency,BillingAddress,OwnerSSN) VALUES (N'RCP0129',7498,'2025-05-18',N'Transfer',N'TRY',N'Antalya',N'10000000021');
INSERT INTO PAYMENT (ReceiptNo,Amount,PaymentDate,PaymentMethod,Currency,BillingAddress,OwnerSSN) VALUES (N'RCP0130',8782,'2025-06-27',N'Cash',N'TRY',N'Antalya',N'10000000035');
INSERT INTO PAYMENT (ReceiptNo,Amount,PaymentDate,PaymentMethod,Currency,BillingAddress,OwnerSSN) VALUES (N'RCP0131',15278,'2025-05-09',N'Card',N'TRY',N'Antalya',N'10000000032');
INSERT INTO PAYMENT (ReceiptNo,Amount,PaymentDate,PaymentMethod,Currency,BillingAddress,OwnerSSN) VALUES (N'RCP0132',11135,'2026-02-04',N'Cash',N'TRY',N'Antalya',N'10000000046');
INSERT INTO PAYMENT (ReceiptNo,Amount,PaymentDate,PaymentMethod,Currency,BillingAddress,OwnerSSN) VALUES (N'RCP0133',3258,'2023-11-23',N'Card',N'TRY',N'Antalya',N'10000000028');
INSERT INTO PAYMENT (ReceiptNo,Amount,PaymentDate,PaymentMethod,Currency,BillingAddress,OwnerSSN) VALUES (N'RCP0134',17899,'2024-03-02',N'Transfer',N'TRY',N'Antalya',N'10000000040');
INSERT INTO PAYMENT (ReceiptNo,Amount,PaymentDate,PaymentMethod,Currency,BillingAddress,OwnerSSN) VALUES (N'RCP0135',11276,'2025-10-24',N'Cash',N'TRY',N'Antalya',N'10000000025');
INSERT INTO PAYMENT (ReceiptNo,Amount,PaymentDate,PaymentMethod,Currency,BillingAddress,OwnerSSN) VALUES (N'RCP0136',6001,'2024-08-14',N'Card',N'TRY',N'Antalya',N'10000000042');
INSERT INTO PAYMENT (ReceiptNo,Amount,PaymentDate,PaymentMethod,Currency,BillingAddress,OwnerSSN) VALUES (N'RCP0137',16493,'2024-04-19',N'Card',N'TRY',N'Antalya',N'10000000027');
INSERT INTO PAYMENT (ReceiptNo,Amount,PaymentDate,PaymentMethod,Currency,BillingAddress,OwnerSSN) VALUES (N'RCP0138',4148,'2026-03-25',N'Card',N'TRY',N'Antalya',N'10000000056');
INSERT INTO PAYMENT (ReceiptNo,Amount,PaymentDate,PaymentMethod,Currency,BillingAddress,OwnerSSN) VALUES (N'RCP0139',7294,'2025-04-02',N'Transfer',N'TRY',N'Antalya',N'10000000019');
INSERT INTO PAYMENT (ReceiptNo,Amount,PaymentDate,PaymentMethod,Currency,BillingAddress,OwnerSSN) VALUES (N'RCP0140',1654,'2026-01-11',N'Card',N'TRY',N'Antalya',N'10000000029');
GO
-- ===== RESERVATION =====
INSERT INTO RESERVATION (ReservationID,StartDate,EndDate,ReservationType,Notes,OwnerSSN,ReceiptNo,PlotNumber) VALUES (N'RES0001','2021-11-21','2071-11-21',N'Permanent',N'Kayit',N'10000000024',N'RCP0023',N'PLT001');
INSERT INTO RESERVATION (ReservationID,StartDate,EndDate,ReservationType,Notes,OwnerSSN,ReceiptNo,PlotNumber) VALUES (N'RES0002','2024-11-11','2074-11-11',N'Permanent',N'Kayit',N'10000000040',N'RCP0123',N'PLT002');
INSERT INTO RESERVATION (ReservationID,StartDate,EndDate,ReservationType,Notes,OwnerSSN,ReceiptNo,PlotNumber) VALUES (N'RES0003','2020-01-20','2070-01-20',N'Permanent',N'Kayit',N'10000000016',N'RCP0096',N'PLT003');
INSERT INTO RESERVATION (ReservationID,StartDate,EndDate,ReservationType,Notes,OwnerSSN,ReceiptNo,PlotNumber) VALUES (N'RES0004','2023-08-12','2073-08-12',N'Permanent',N'Kayit',N'10000000059',N'RCP0005',N'PLT004');
INSERT INTO RESERVATION (ReservationID,StartDate,EndDate,ReservationType,Notes,OwnerSSN,ReceiptNo,PlotNumber) VALUES (N'RES0005','2020-01-17','2070-01-17',N'Permanent',N'Kayit',N'10000000035',N'RCP0089',N'PLT005');
INSERT INTO RESERVATION (ReservationID,StartDate,EndDate,ReservationType,Notes,OwnerSSN,ReceiptNo,PlotNumber) VALUES (N'RES0006','2021-06-12','2071-06-12',N'Permanent',N'Kayit',N'10000000026',N'RCP0079',N'PLT006');
INSERT INTO RESERVATION (ReservationID,StartDate,EndDate,ReservationType,Notes,OwnerSSN,ReceiptNo,PlotNumber) VALUES (N'RES0007','2020-09-24','2021-03-25',N'Temporary',N'Kayit',N'10000000045',NULL,N'PLT007');
INSERT INTO RESERVATION (ReservationID,StartDate,EndDate,ReservationType,Notes,OwnerSSN,ReceiptNo,PlotNumber) VALUES (N'RES0008','2025-11-01','2075-11-01',N'Permanent',N'Kayit',N'10000000037',N'RCP0035',N'PLT008');
INSERT INTO RESERVATION (ReservationID,StartDate,EndDate,ReservationType,Notes,OwnerSSN,ReceiptNo,PlotNumber) VALUES (N'RES0009','2025-06-30','2075-06-30',N'Permanent',N'Kayit',N'10000000017',N'RCP0104',N'PLT009');
INSERT INTO RESERVATION (ReservationID,StartDate,EndDate,ReservationType,Notes,OwnerSSN,ReceiptNo,PlotNumber) VALUES (N'RES0010','2022-07-24','2072-07-24',N'Permanent',N'Kayit',N'10000000029',NULL,N'PLT010');
INSERT INTO RESERVATION (ReservationID,StartDate,EndDate,ReservationType,Notes,OwnerSSN,ReceiptNo,PlotNumber) VALUES (N'RES0011','2020-03-30','2070-03-30',N'Permanent',N'Kayit',N'10000000057',N'RCP0094',N'PLT011');
INSERT INTO RESERVATION (ReservationID,StartDate,EndDate,ReservationType,Notes,OwnerSSN,ReceiptNo,PlotNumber) VALUES (N'RES0012','2020-06-02','2070-06-02',N'Permanent',N'Kayit',N'10000000055',N'RCP0137',N'PLT012');
INSERT INTO RESERVATION (ReservationID,StartDate,EndDate,ReservationType,Notes,OwnerSSN,ReceiptNo,PlotNumber) VALUES (N'RES0013','2020-07-18','2070-07-18',N'Permanent',N'Kayit',N'10000000057',N'RCP0028',N'PLT013');
INSERT INTO RESERVATION (ReservationID,StartDate,EndDate,ReservationType,Notes,OwnerSSN,ReceiptNo,PlotNumber) VALUES (N'RES0014','2020-03-21','2070-03-21',N'Permanent',N'Kayit',N'10000000040',N'RCP0114',N'PLT014');
INSERT INTO RESERVATION (ReservationID,StartDate,EndDate,ReservationType,Notes,OwnerSSN,ReceiptNo,PlotNumber) VALUES (N'RES0015','2021-05-21','2071-05-21',N'Permanent',N'Kayit',N'10000000029',N'RCP0040',N'PLT015');
INSERT INTO RESERVATION (ReservationID,StartDate,EndDate,ReservationType,Notes,OwnerSSN,ReceiptNo,PlotNumber) VALUES (N'RES0016','2020-02-08','2070-02-08',N'Permanent',N'Kayit',N'10000000033',N'RCP0134',N'PLT016');
INSERT INTO RESERVATION (ReservationID,StartDate,EndDate,ReservationType,Notes,OwnerSSN,ReceiptNo,PlotNumber) VALUES (N'RES0017','2021-07-15','2071-07-15',N'Permanent',N'Kayit',N'10000000048',NULL,N'PLT017');
INSERT INTO RESERVATION (ReservationID,StartDate,EndDate,ReservationType,Notes,OwnerSSN,ReceiptNo,PlotNumber) VALUES (N'RES0018','2021-04-27','2071-04-27',N'Permanent',N'Kayit',N'10000000028',N'RCP0128',N'PLT018');
INSERT INTO RESERVATION (ReservationID,StartDate,EndDate,ReservationType,Notes,OwnerSSN,ReceiptNo,PlotNumber) VALUES (N'RES0019','2022-03-29','2072-03-29',N'Permanent',N'Kayit',N'10000000038',N'RCP0052',N'PLT019');
INSERT INTO RESERVATION (ReservationID,StartDate,EndDate,ReservationType,Notes,OwnerSSN,ReceiptNo,PlotNumber) VALUES (N'RES0020','2024-08-05','2074-08-05',N'Permanent',N'Kayit',N'10000000029',N'RCP0128',N'PLT020');
INSERT INTO RESERVATION (ReservationID,StartDate,EndDate,ReservationType,Notes,OwnerSSN,ReceiptNo,PlotNumber) VALUES (N'RES0021','2025-05-22','2075-05-22',N'Permanent',N'Kayit',N'10000000023',N'RCP0023',N'PLT021');
INSERT INTO RESERVATION (ReservationID,StartDate,EndDate,ReservationType,Notes,OwnerSSN,ReceiptNo,PlotNumber) VALUES (N'RES0022','2026-06-09','2076-06-09',N'Permanent',N'Kayit',N'10000000048',N'RCP0024',N'PLT022');
INSERT INTO RESERVATION (ReservationID,StartDate,EndDate,ReservationType,Notes,OwnerSSN,ReceiptNo,PlotNumber) VALUES (N'RES0023','2020-11-03','2070-11-03',N'Permanent',N'Kayit',N'10000000057',N'RCP0066',N'PLT023');
INSERT INTO RESERVATION (ReservationID,StartDate,EndDate,ReservationType,Notes,OwnerSSN,ReceiptNo,PlotNumber) VALUES (N'RES0024','2022-08-04','2072-08-04',N'Permanent',N'Kayit',N'10000000032',NULL,N'PLT024');
INSERT INTO RESERVATION (ReservationID,StartDate,EndDate,ReservationType,Notes,OwnerSSN,ReceiptNo,PlotNumber) VALUES (N'RES0025','2025-03-16','2075-03-16',N'Permanent',N'Kayit',N'10000000034',N'RCP0011',N'PLT025');
INSERT INTO RESERVATION (ReservationID,StartDate,EndDate,ReservationType,Notes,OwnerSSN,ReceiptNo,PlotNumber) VALUES (N'RES0026','2024-01-15','2024-07-23',N'Temporary',N'Kayit',N'10000000022',N'RCP0030',N'PLT026');
INSERT INTO RESERVATION (ReservationID,StartDate,EndDate,ReservationType,Notes,OwnerSSN,ReceiptNo,PlotNumber) VALUES (N'RES0027','2020-07-06','2070-07-06',N'Permanent',N'Kayit',N'10000000037',N'RCP0044',N'PLT027');
INSERT INTO RESERVATION (ReservationID,StartDate,EndDate,ReservationType,Notes,OwnerSSN,ReceiptNo,PlotNumber) VALUES (N'RES0028','2024-01-04','2024-12-17',N'Temporary',N'Kayit',N'10000000039',N'RCP0024',N'PLT028');
INSERT INTO RESERVATION (ReservationID,StartDate,EndDate,ReservationType,Notes,OwnerSSN,ReceiptNo,PlotNumber) VALUES (N'RES0029','2023-11-04','2073-11-04',N'Permanent',N'Kayit',N'10000000033',N'RCP0117',N'PLT029');
INSERT INTO RESERVATION (ReservationID,StartDate,EndDate,ReservationType,Notes,OwnerSSN,ReceiptNo,PlotNumber) VALUES (N'RES0030','2024-04-28','2074-04-28',N'Permanent',N'Kayit',N'10000000057',N'RCP0108',N'PLT030');
INSERT INTO RESERVATION (ReservationID,StartDate,EndDate,ReservationType,Notes,OwnerSSN,ReceiptNo,PlotNumber) VALUES (N'RES0031','2021-11-14','2071-11-14',N'Permanent',N'Kayit',N'10000000026',N'RCP0016',N'PLT031');
INSERT INTO RESERVATION (ReservationID,StartDate,EndDate,ReservationType,Notes,OwnerSSN,ReceiptNo,PlotNumber) VALUES (N'RES0032','2021-02-28','2071-02-28',N'Permanent',N'Kayit',N'10000000027',N'RCP0113',N'PLT032');
INSERT INTO RESERVATION (ReservationID,StartDate,EndDate,ReservationType,Notes,OwnerSSN,ReceiptNo,PlotNumber) VALUES (N'RES0033','2024-04-04','2074-04-04',N'Permanent',N'Kayit',N'10000000046',N'RCP0034',N'PLT033');
INSERT INTO RESERVATION (ReservationID,StartDate,EndDate,ReservationType,Notes,OwnerSSN,ReceiptNo,PlotNumber) VALUES (N'RES0034','2025-06-22','2075-06-22',N'Permanent',N'Kayit',N'10000000020',N'RCP0012',N'PLT034');
INSERT INTO RESERVATION (ReservationID,StartDate,EndDate,ReservationType,Notes,OwnerSSN,ReceiptNo,PlotNumber) VALUES (N'RES0035','2022-12-07','2072-12-07',N'Permanent',N'Kayit',N'10000000052',N'RCP0135',N'PLT035');
INSERT INTO RESERVATION (ReservationID,StartDate,EndDate,ReservationType,Notes,OwnerSSN,ReceiptNo,PlotNumber) VALUES (N'RES0036','2026-05-03','2076-05-03',N'Permanent',N'Kayit',N'10000000037',NULL,N'PLT036');
INSERT INTO RESERVATION (ReservationID,StartDate,EndDate,ReservationType,Notes,OwnerSSN,ReceiptNo,PlotNumber) VALUES (N'RES0037','2025-10-27','2075-10-27',N'Permanent',N'Kayit',N'10000000043',N'RCP0025',N'PLT037');
INSERT INTO RESERVATION (ReservationID,StartDate,EndDate,ReservationType,Notes,OwnerSSN,ReceiptNo,PlotNumber) VALUES (N'RES0038','2022-10-15','2072-10-15',N'Permanent',N'Kayit',N'10000000025',N'RCP0099',N'PLT038');
INSERT INTO RESERVATION (ReservationID,StartDate,EndDate,ReservationType,Notes,OwnerSSN,ReceiptNo,PlotNumber) VALUES (N'RES0039','2026-04-05','2027-03-14',N'Temporary',N'Kayit',N'10000000048',N'RCP0041',N'PLT039');
INSERT INTO RESERVATION (ReservationID,StartDate,EndDate,ReservationType,Notes,OwnerSSN,ReceiptNo,PlotNumber) VALUES (N'RES0040','2025-04-06','2025-07-29',N'Temporary',N'Kayit',N'10000000036',N'RCP0126',N'PLT040');
INSERT INTO RESERVATION (ReservationID,StartDate,EndDate,ReservationType,Notes,OwnerSSN,ReceiptNo,PlotNumber) VALUES (N'RES0041','2022-09-13','2072-09-13',N'Permanent',N'Kayit',N'10000000030',N'RCP0130',N'PLT041');
INSERT INTO RESERVATION (ReservationID,StartDate,EndDate,ReservationType,Notes,OwnerSSN,ReceiptNo,PlotNumber) VALUES (N'RES0042','2026-03-04','2076-03-04',N'Permanent',N'Kayit',N'10000000021',N'RCP0061',N'PLT042');
INSERT INTO RESERVATION (ReservationID,StartDate,EndDate,ReservationType,Notes,OwnerSSN,ReceiptNo,PlotNumber) VALUES (N'RES0043','2025-02-23','2075-02-23',N'Permanent',N'Kayit',N'10000000047',N'RCP0023',N'PLT043');
INSERT INTO RESERVATION (ReservationID,StartDate,EndDate,ReservationType,Notes,OwnerSSN,ReceiptNo,PlotNumber) VALUES (N'RES0044','2025-01-05','2075-01-05',N'Permanent',N'Kayit',N'10000000057',NULL,N'PLT044');
INSERT INTO RESERVATION (ReservationID,StartDate,EndDate,ReservationType,Notes,OwnerSSN,ReceiptNo,PlotNumber) VALUES (N'RES0045','2020-03-13','2070-03-13',N'Permanent',N'Kayit',N'10000000021',N'RCP0001',N'PLT045');
INSERT INTO RESERVATION (ReservationID,StartDate,EndDate,ReservationType,Notes,OwnerSSN,ReceiptNo,PlotNumber) VALUES (N'RES0046','2023-06-01','2024-04-13',N'Temporary',N'Kayit',N'10000000037',N'RCP0117',N'PLT046');
INSERT INTO RESERVATION (ReservationID,StartDate,EndDate,ReservationType,Notes,OwnerSSN,ReceiptNo,PlotNumber) VALUES (N'RES0047','2024-01-28','2024-06-20',N'Temporary',N'Kayit',N'10000000051',N'RCP0085',N'PLT047');
INSERT INTO RESERVATION (ReservationID,StartDate,EndDate,ReservationType,Notes,OwnerSSN,ReceiptNo,PlotNumber) VALUES (N'RES0048','2025-04-21','2075-04-21',N'Permanent',N'Kayit',N'10000000023',N'RCP0116',N'PLT048');
INSERT INTO RESERVATION (ReservationID,StartDate,EndDate,ReservationType,Notes,OwnerSSN,ReceiptNo,PlotNumber) VALUES (N'RES0049','2021-02-03','2071-02-03',N'Permanent',N'Kayit',N'10000000038',N'RCP0088',N'PLT049');
INSERT INTO RESERVATION (ReservationID,StartDate,EndDate,ReservationType,Notes,OwnerSSN,ReceiptNo,PlotNumber) VALUES (N'RES0050','2023-04-10','2073-04-10',N'Permanent',N'Kayit',N'10000000018',N'RCP0028',N'PLT050');
INSERT INTO RESERVATION (ReservationID,StartDate,EndDate,ReservationType,Notes,OwnerSSN,ReceiptNo,PlotNumber) VALUES (N'RES0051','2021-11-03','2071-11-03',N'Permanent',N'Kayit',N'10000000022',N'RCP0105',N'PLT051');
INSERT INTO RESERVATION (ReservationID,StartDate,EndDate,ReservationType,Notes,OwnerSSN,ReceiptNo,PlotNumber) VALUES (N'RES0052','2022-11-07','2072-11-07',N'Permanent',N'Kayit',N'10000000029',N'RCP0101',N'PLT052');
INSERT INTO RESERVATION (ReservationID,StartDate,EndDate,ReservationType,Notes,OwnerSSN,ReceiptNo,PlotNumber) VALUES (N'RES0053','2025-02-15','2025-06-22',N'Temporary',N'Kayit',N'10000000042',N'RCP0028',N'PLT053');
INSERT INTO RESERVATION (ReservationID,StartDate,EndDate,ReservationType,Notes,OwnerSSN,ReceiptNo,PlotNumber) VALUES (N'RES0054','2020-07-09','2021-06-05',N'Temporary',N'Kayit',N'10000000045',N'RCP0116',N'PLT054');
INSERT INTO RESERVATION (ReservationID,StartDate,EndDate,ReservationType,Notes,OwnerSSN,ReceiptNo,PlotNumber) VALUES (N'RES0055','2025-08-27','2075-08-27',N'Permanent',N'Kayit',N'10000000019',N'RCP0136',N'PLT055');
INSERT INTO RESERVATION (ReservationID,StartDate,EndDate,ReservationType,Notes,OwnerSSN,ReceiptNo,PlotNumber) VALUES (N'RES0056','2026-03-16','2027-02-08',N'Temporary',N'Kayit',N'10000000027',N'RCP0131',N'PLT056');
INSERT INTO RESERVATION (ReservationID,StartDate,EndDate,ReservationType,Notes,OwnerSSN,ReceiptNo,PlotNumber) VALUES (N'RES0057','2026-06-27','2076-06-27',N'Permanent',N'Kayit',N'10000000040',N'RCP0027',N'PLT057');
INSERT INTO RESERVATION (ReservationID,StartDate,EndDate,ReservationType,Notes,OwnerSSN,ReceiptNo,PlotNumber) VALUES (N'RES0058','2023-08-11','2073-08-11',N'Permanent',N'Kayit',N'10000000033',N'RCP0064',N'PLT058');
INSERT INTO RESERVATION (ReservationID,StartDate,EndDate,ReservationType,Notes,OwnerSSN,ReceiptNo,PlotNumber) VALUES (N'RES0059','2024-06-17','2024-12-14',N'Temporary',N'Kayit',N'10000000024',N'RCP0035',N'PLT059');
INSERT INTO RESERVATION (ReservationID,StartDate,EndDate,ReservationType,Notes,OwnerSSN,ReceiptNo,PlotNumber) VALUES (N'RES0060','2024-08-17','2074-08-17',N'Permanent',N'Kayit',N'10000000048',NULL,N'PLT060');
INSERT INTO RESERVATION (ReservationID,StartDate,EndDate,ReservationType,Notes,OwnerSSN,ReceiptNo,PlotNumber) VALUES (N'RES0061','2023-05-09','2024-03-14',N'Temporary',N'Kayit',N'10000000051',NULL,N'PLT061');
INSERT INTO RESERVATION (ReservationID,StartDate,EndDate,ReservationType,Notes,OwnerSSN,ReceiptNo,PlotNumber) VALUES (N'RES0062','2022-06-09','2072-06-09',N'Permanent',N'Kayit',N'10000000059',N'RCP0075',N'PLT062');
INSERT INTO RESERVATION (ReservationID,StartDate,EndDate,ReservationType,Notes,OwnerSSN,ReceiptNo,PlotNumber) VALUES (N'RES0063','2023-11-15','2024-02-20',N'Temporary',N'Kayit',N'10000000057',NULL,N'PLT063');
INSERT INTO RESERVATION (ReservationID,StartDate,EndDate,ReservationType,Notes,OwnerSSN,ReceiptNo,PlotNumber) VALUES (N'RES0064','2021-12-29','2071-12-29',N'Permanent',N'Kayit',N'10000000023',N'RCP0083',N'PLT064');
INSERT INTO RESERVATION (ReservationID,StartDate,EndDate,ReservationType,Notes,OwnerSSN,ReceiptNo,PlotNumber) VALUES (N'RES0065','2023-12-13','2073-12-13',N'Permanent',N'Kayit',N'10000000059',N'RCP0107',N'PLT065');
INSERT INTO RESERVATION (ReservationID,StartDate,EndDate,ReservationType,Notes,OwnerSSN,ReceiptNo,PlotNumber) VALUES (N'RES0066','2025-12-26','2075-12-26',N'Permanent',N'Kayit',N'10000000049',N'RCP0004',N'PLT066');
INSERT INTO RESERVATION (ReservationID,StartDate,EndDate,ReservationType,Notes,OwnerSSN,ReceiptNo,PlotNumber) VALUES (N'RES0067','2021-03-12','2071-03-12',N'Permanent',N'Kayit',N'10000000028',N'RCP0015',N'PLT067');
INSERT INTO RESERVATION (ReservationID,StartDate,EndDate,ReservationType,Notes,OwnerSSN,ReceiptNo,PlotNumber) VALUES (N'RES0068','2022-12-29','2072-12-29',N'Permanent',N'Kayit',N'10000000059',N'RCP0074',N'PLT068');
INSERT INTO RESERVATION (ReservationID,StartDate,EndDate,ReservationType,Notes,OwnerSSN,ReceiptNo,PlotNumber) VALUES (N'RES0069','2022-10-23','2072-10-23',N'Permanent',N'Kayit',N'10000000029',N'RCP0076',N'PLT069');
INSERT INTO RESERVATION (ReservationID,StartDate,EndDate,ReservationType,Notes,OwnerSSN,ReceiptNo,PlotNumber) VALUES (N'RES0070','2026-01-25','2076-01-25',N'Permanent',N'Kayit',N'10000000055',N'RCP0027',N'PLT070');
INSERT INTO RESERVATION (ReservationID,StartDate,EndDate,ReservationType,Notes,OwnerSSN,ReceiptNo,PlotNumber) VALUES (N'RES0071','2026-04-20','2027-04-16',N'Temporary',N'Kayit',N'10000000048',N'RCP0061',N'PLT071');
INSERT INTO RESERVATION (ReservationID,StartDate,EndDate,ReservationType,Notes,OwnerSSN,ReceiptNo,PlotNumber) VALUES (N'RES0072','2023-03-24','2073-03-24',N'Permanent',N'Kayit',N'10000000040',N'RCP0098',N'PLT072');
INSERT INTO RESERVATION (ReservationID,StartDate,EndDate,ReservationType,Notes,OwnerSSN,ReceiptNo,PlotNumber) VALUES (N'RES0073','2024-09-02','2025-03-11',N'Temporary',N'Kayit',N'10000000019',NULL,N'PLT073');
INSERT INTO RESERVATION (ReservationID,StartDate,EndDate,ReservationType,Notes,OwnerSSN,ReceiptNo,PlotNumber) VALUES (N'RES0074','2020-02-23','2070-02-23',N'Permanent',N'Kayit',N'10000000030',N'RCP0114',N'PLT074');
INSERT INTO RESERVATION (ReservationID,StartDate,EndDate,ReservationType,Notes,OwnerSSN,ReceiptNo,PlotNumber) VALUES (N'RES0075','2024-02-15','2074-02-15',N'Permanent',N'Kayit',N'10000000028',N'RCP0051',N'PLT075');
INSERT INTO RESERVATION (ReservationID,StartDate,EndDate,ReservationType,Notes,OwnerSSN,ReceiptNo,PlotNumber) VALUES (N'RES0076','2023-04-19','2073-04-19',N'Permanent',N'Kayit',N'10000000020',NULL,N'PLT076');
INSERT INTO RESERVATION (ReservationID,StartDate,EndDate,ReservationType,Notes,OwnerSSN,ReceiptNo,PlotNumber) VALUES (N'RES0077','2022-02-04','2022-11-24',N'Temporary',N'Kayit',N'10000000043',N'RCP0011',N'PLT077');
INSERT INTO RESERVATION (ReservationID,StartDate,EndDate,ReservationType,Notes,OwnerSSN,ReceiptNo,PlotNumber) VALUES (N'RES0078','2023-02-17','2073-02-17',N'Permanent',N'Kayit',N'10000000016',N'RCP0066',N'PLT078');
INSERT INTO RESERVATION (ReservationID,StartDate,EndDate,ReservationType,Notes,OwnerSSN,ReceiptNo,PlotNumber) VALUES (N'RES0079','2023-09-15','2073-09-15',N'Permanent',N'Kayit',N'10000000018',NULL,N'PLT079');
INSERT INTO RESERVATION (ReservationID,StartDate,EndDate,ReservationType,Notes,OwnerSSN,ReceiptNo,PlotNumber) VALUES (N'RES0080','2021-09-21','2022-08-22',N'Temporary',N'Kayit',N'10000000047',N'RCP0078',N'PLT080');
INSERT INTO RESERVATION (ReservationID,StartDate,EndDate,ReservationType,Notes,OwnerSSN,ReceiptNo,PlotNumber) VALUES (N'RES0081','2026-06-03','2076-06-03',N'Permanent',N'Kayit',N'10000000049',N'RCP0082',N'PLT081');
INSERT INTO RESERVATION (ReservationID,StartDate,EndDate,ReservationType,Notes,OwnerSSN,ReceiptNo,PlotNumber) VALUES (N'RES0082','2022-06-19','2023-04-11',N'Temporary',N'Kayit',N'10000000026',N'RCP0130',N'PLT082');
INSERT INTO RESERVATION (ReservationID,StartDate,EndDate,ReservationType,Notes,OwnerSSN,ReceiptNo,PlotNumber) VALUES (N'RES0083','2024-08-30','2074-08-30',N'Permanent',N'Kayit',N'10000000030',N'RCP0090',N'PLT083');
INSERT INTO RESERVATION (ReservationID,StartDate,EndDate,ReservationType,Notes,OwnerSSN,ReceiptNo,PlotNumber) VALUES (N'RES0084','2022-05-23','2072-05-23',N'Permanent',N'Kayit',N'10000000029',N'RCP0076',N'PLT084');
INSERT INTO RESERVATION (ReservationID,StartDate,EndDate,ReservationType,Notes,OwnerSSN,ReceiptNo,PlotNumber) VALUES (N'RES0085','2025-12-12','2075-12-12',N'Permanent',N'Kayit',N'10000000023',N'RCP0003',N'PLT085');
INSERT INTO RESERVATION (ReservationID,StartDate,EndDate,ReservationType,Notes,OwnerSSN,ReceiptNo,PlotNumber) VALUES (N'RES0086','2023-11-18','2073-11-18',N'Permanent',N'Kayit',N'10000000055',NULL,N'PLT086');
INSERT INTO RESERVATION (ReservationID,StartDate,EndDate,ReservationType,Notes,OwnerSSN,ReceiptNo,PlotNumber) VALUES (N'RES0087','2022-09-25','2023-04-07',N'Temporary',N'Kayit',N'10000000040',N'RCP0030',N'PLT087');
INSERT INTO RESERVATION (ReservationID,StartDate,EndDate,ReservationType,Notes,OwnerSSN,ReceiptNo,PlotNumber) VALUES (N'RES0088','2022-11-16','2072-11-16',N'Permanent',N'Kayit',N'10000000039',N'RCP0133',N'PLT088');
INSERT INTO RESERVATION (ReservationID,StartDate,EndDate,ReservationType,Notes,OwnerSSN,ReceiptNo,PlotNumber) VALUES (N'RES0089','2025-10-07','2026-06-22',N'Temporary',N'Kayit',N'10000000057',N'RCP0076',N'PLT089');
INSERT INTO RESERVATION (ReservationID,StartDate,EndDate,ReservationType,Notes,OwnerSSN,ReceiptNo,PlotNumber) VALUES (N'RES0090','2022-02-27','2072-02-27',N'Permanent',N'Kayit',N'10000000026',N'RCP0025',N'PLT090');
INSERT INTO RESERVATION (ReservationID,StartDate,EndDate,ReservationType,Notes,OwnerSSN,ReceiptNo,PlotNumber) VALUES (N'RES0091','2026-01-12','2076-01-12',N'Permanent',N'Kayit',N'10000000058',N'RCP0054',N'PLT091');
INSERT INTO RESERVATION (ReservationID,StartDate,EndDate,ReservationType,Notes,OwnerSSN,ReceiptNo,PlotNumber) VALUES (N'RES0092','2022-05-23','2023-01-25',N'Temporary',N'Kayit',N'10000000050',N'RCP0053',N'PLT092');
INSERT INTO RESERVATION (ReservationID,StartDate,EndDate,ReservationType,Notes,OwnerSSN,ReceiptNo,PlotNumber) VALUES (N'RES0093','2024-11-17','2074-11-17',N'Permanent',N'Kayit',N'10000000059',NULL,N'PLT093');
INSERT INTO RESERVATION (ReservationID,StartDate,EndDate,ReservationType,Notes,OwnerSSN,ReceiptNo,PlotNumber) VALUES (N'RES0094','2021-09-21','2071-09-21',N'Permanent',N'Kayit',N'10000000021',N'RCP0010',N'PLT094');
INSERT INTO RESERVATION (ReservationID,StartDate,EndDate,ReservationType,Notes,OwnerSSN,ReceiptNo,PlotNumber) VALUES (N'RES0095','2020-10-27','2070-10-27',N'Permanent',N'Kayit',N'10000000052',N'RCP0019',N'PLT095');
INSERT INTO RESERVATION (ReservationID,StartDate,EndDate,ReservationType,Notes,OwnerSSN,ReceiptNo,PlotNumber) VALUES (N'RES0096','2022-07-21','2023-03-16',N'Temporary',N'Kayit',N'10000000043',N'RCP0104',N'PLT118');
INSERT INTO RESERVATION (ReservationID,StartDate,EndDate,ReservationType,Notes,OwnerSSN,ReceiptNo,PlotNumber) VALUES (N'RES0097','2023-07-19','2073-07-19',N'Permanent',N'Kayit',N'10000000016',N'RCP0137',N'PLT119');
INSERT INTO RESERVATION (ReservationID,StartDate,EndDate,ReservationType,Notes,OwnerSSN,ReceiptNo,PlotNumber) VALUES (N'RES0098','2020-09-16','2070-09-16',N'Permanent',N'Kayit',N'10000000038',N'RCP0019',N'PLT120');
INSERT INTO RESERVATION (ReservationID,StartDate,EndDate,ReservationType,Notes,OwnerSSN,ReceiptNo,PlotNumber) VALUES (N'RES0099','2025-08-21','2075-08-21',N'Permanent',N'Kayit',N'10000000054',N'RCP0078',N'PLT121');
INSERT INTO RESERVATION (ReservationID,StartDate,EndDate,ReservationType,Notes,OwnerSSN,ReceiptNo,PlotNumber) VALUES (N'RES0100','2020-12-20','2070-12-20',N'Permanent',N'Kayit',N'10000000040',NULL,N'PLT122');
INSERT INTO RESERVATION (ReservationID,StartDate,EndDate,ReservationType,Notes,OwnerSSN,ReceiptNo,PlotNumber) VALUES (N'RES0101','2024-06-06','2024-07-21',N'Temporary',N'Kayit',N'10000000030',N'RCP0137',N'PLT123');
INSERT INTO RESERVATION (ReservationID,StartDate,EndDate,ReservationType,Notes,OwnerSSN,ReceiptNo,PlotNumber) VALUES (N'RES0102','2021-07-12','2071-07-12',N'Permanent',N'Kayit',N'10000000034',N'RCP0140',N'PLT124');
INSERT INTO RESERVATION (ReservationID,StartDate,EndDate,ReservationType,Notes,OwnerSSN,ReceiptNo,PlotNumber) VALUES (N'RES0103','2021-08-13','2071-08-13',N'Permanent',N'Kayit',N'10000000057',NULL,N'PLT125');
INSERT INTO RESERVATION (ReservationID,StartDate,EndDate,ReservationType,Notes,OwnerSSN,ReceiptNo,PlotNumber) VALUES (N'RES0104','2024-03-08','2024-04-12',N'Temporary',N'Kayit',N'10000000023',N'RCP0037',N'PLT126');
INSERT INTO RESERVATION (ReservationID,StartDate,EndDate,ReservationType,Notes,OwnerSSN,ReceiptNo,PlotNumber) VALUES (N'RES0105','2020-06-20','2070-06-20',N'Permanent',N'Kayit',N'10000000051',N'RCP0138',N'PLT127');
GO
-- ===== VISITOR_LOG =====
INSERT INTO VISITOR_LOG (VisitID,VisitorName,VisitDate,ArrivalTime,DepartureTime,Purpose,PlotNumber) VALUES (N'VIS0001',N'Nuri Cakir','2024-09-06','09:30:00','10:30:00',N'Bakim',N'PLT083');
INSERT INTO VISITOR_LOG (VisitID,VisitorName,VisitDate,ArrivalTime,DepartureTime,Purpose,PlotNumber) VALUES (N'VIS0002',N'Bekir Dogan','2024-09-25','16:15:00','17:15:00',N'Tören',N'PLT033');
INSERT INTO VISITOR_LOG (VisitID,VisitorName,VisitDate,ArrivalTime,DepartureTime,Purpose,PlotNumber) VALUES (N'VIS0003',N'Necati Sahin','2026-01-30','11:00:00','12:00:00',N'Tören',N'PLT010');
INSERT INTO VISITOR_LOG (VisitID,VisitorName,VisitDate,ArrivalTime,DepartureTime,Purpose,PlotNumber) VALUES (N'VIS0004',N'Tolga Yildirim','2024-08-08','12:00:00','13:00:00',N'Tören',N'PLT063');
INSERT INTO VISITOR_LOG (VisitID,VisitorName,VisitDate,ArrivalTime,DepartureTime,Purpose,PlotNumber) VALUES (N'VIS0005',N'Yasar Kara','2024-01-21','13:30:00','14:30:00',N'Anma',N'PLT080');
INSERT INTO VISITOR_LOG (VisitID,VisitorName,VisitDate,ArrivalTime,DepartureTime,Purpose,PlotNumber) VALUES (N'VIS0006',N'Elif Turk','2026-01-08','09:15:00','10:15:00',N'Anma',N'PLT079');
INSERT INTO VISITOR_LOG (VisitID,VisitorName,VisitDate,ArrivalTime,DepartureTime,Purpose,PlotNumber) VALUES (N'VIS0007',N'Sevim Polat','2025-11-24','12:15:00','13:15:00',N'Dua',N'PLT001');
INSERT INTO VISITOR_LOG (VisitID,VisitorName,VisitDate,ArrivalTime,DepartureTime,Purpose,PlotNumber) VALUES (N'VIS0008',N'Emre Aksoy','2025-01-17','13:15:00','14:15:00',N'Anma',N'PLT018');
INSERT INTO VISITOR_LOG (VisitID,VisitorName,VisitDate,ArrivalTime,DepartureTime,Purpose,PlotNumber) VALUES (N'VIS0009',N'Sevgi Bulut','2025-07-04','13:45:00','14:45:00',N'Anma',N'PLT063');
INSERT INTO VISITOR_LOG (VisitID,VisitorName,VisitDate,ArrivalTime,DepartureTime,Purpose,PlotNumber) VALUES (N'VIS0010',N'Fikret Yildiz','2025-01-25','16:00:00','17:00:00',N'Dua',N'PLT069');
INSERT INTO VISITOR_LOG (VisitID,VisitorName,VisitDate,ArrivalTime,DepartureTime,Purpose,PlotNumber) VALUES (N'VIS0011',N'Murat Celik','2023-08-08','11:30:00','12:30:00',N'Tören',N'PLT081');
INSERT INTO VISITOR_LOG (VisitID,VisitorName,VisitDate,ArrivalTime,DepartureTime,Purpose,PlotNumber) VALUES (N'VIS0012',N'Serkan Demir','2024-12-15','08:45:00','09:45:00',N'Tören',N'PLT070');
INSERT INTO VISITOR_LOG (VisitID,VisitorName,VisitDate,ArrivalTime,DepartureTime,Purpose,PlotNumber) VALUES (N'VIS0013',N'Sevim Aktas','2024-09-30','15:15:00','16:15:00',N'Tören',N'PLT094');
INSERT INTO VISITOR_LOG (VisitID,VisitorName,VisitDate,ArrivalTime,DepartureTime,Purpose,PlotNumber) VALUES (N'VIS0014',N'Sevgi Avci','2026-05-11','12:15:00','13:15:00',N'Ziyaret',N'PLT051');
INSERT INTO VISITOR_LOG (VisitID,VisitorName,VisitDate,ArrivalTime,DepartureTime,Purpose,PlotNumber) VALUES (N'VIS0015',N'Cengiz Arslan','2026-05-18','13:00:00','14:00:00',N'Dua',N'PLT058');
INSERT INTO VISITOR_LOG (VisitID,VisitorName,VisitDate,ArrivalTime,DepartureTime,Purpose,PlotNumber) VALUES (N'VIS0016',N'Salih Bozkurt','2025-07-04','10:15:00','11:15:00',N'Ziyaret',N'PLT029');
INSERT INTO VISITOR_LOG (VisitID,VisitorName,VisitDate,ArrivalTime,DepartureTime,Purpose,PlotNumber) VALUES (N'VIS0017',N'Yusuf Koc','2025-07-26','15:15:00','16:15:00',N'Dua',N'PLT006');
INSERT INTO VISITOR_LOG (VisitID,VisitorName,VisitDate,ArrivalTime,DepartureTime,Purpose,PlotNumber) VALUES (N'VIS0018',N'Gulsum Bozkurt','2026-01-17','11:30:00','12:30:00',N'Ziyaret',N'PLT006');
INSERT INTO VISITOR_LOG (VisitID,VisitorName,VisitDate,ArrivalTime,DepartureTime,Purpose,PlotNumber) VALUES (N'VIS0019',N'Pinar Kurt','2024-12-21','13:00:00','14:00:00',N'Tören',N'PLT070');
INSERT INTO VISITOR_LOG (VisitID,VisitorName,VisitDate,ArrivalTime,DepartureTime,Purpose,PlotNumber) VALUES (N'VIS0020',N'Nurten Yavuz','2025-07-18','17:15:00','18:15:00',N'Tören',N'PLT084');
INSERT INTO VISITOR_LOG (VisitID,VisitorName,VisitDate,ArrivalTime,DepartureTime,Purpose,PlotNumber) VALUES (N'VIS0021',N'Nurten Cetin','2026-05-23','09:30:00','10:30:00',N'Bakim',N'PLT046');
INSERT INTO VISITOR_LOG (VisitID,VisitorName,VisitDate,ArrivalTime,DepartureTime,Purpose,PlotNumber) VALUES (N'VIS0022',N'Nurgul Yilmaz','2026-04-23','13:45:00','14:45:00',N'Dua',N'PLT057');
INSERT INTO VISITOR_LOG (VisitID,VisitorName,VisitDate,ArrivalTime,DepartureTime,Purpose,PlotNumber) VALUES (N'VIS0023',N'Murat Avci','2025-01-26','10:15:00','11:15:00',N'Dua',N'PLT020');
INSERT INTO VISITOR_LOG (VisitID,VisitorName,VisitDate,ArrivalTime,DepartureTime,Purpose,PlotNumber) VALUES (N'VIS0024',N'Sevim Ozturk','2024-10-14','10:15:00','11:15:00',N'Bakim',N'PLT043');
INSERT INTO VISITOR_LOG (VisitID,VisitorName,VisitDate,ArrivalTime,DepartureTime,Purpose,PlotNumber) VALUES (N'VIS0025',N'Nurgul Bozkurt','2024-09-04','09:45:00','10:45:00',N'Tören',N'PLT021');
INSERT INTO VISITOR_LOG (VisitID,VisitorName,VisitDate,ArrivalTime,DepartureTime,Purpose,PlotNumber) VALUES (N'VIS0026',N'Fatih Demir','2024-03-18','14:00:00','15:00:00',N'Tören',N'PLT076');
INSERT INTO VISITOR_LOG (VisitID,VisitorName,VisitDate,ArrivalTime,DepartureTime,Purpose,PlotNumber) VALUES (N'VIS0027',N'Ozlem Demir','2024-04-26','10:15:00','11:15:00',N'Ziyaret',N'PLT022');
INSERT INTO VISITOR_LOG (VisitID,VisitorName,VisitDate,ArrivalTime,DepartureTime,Purpose,PlotNumber) VALUES (N'VIS0028',N'Pinar Aktas','2023-08-08','12:15:00','13:15:00',N'Anma',N'PLT011');
INSERT INTO VISITOR_LOG (VisitID,VisitorName,VisitDate,ArrivalTime,DepartureTime,Purpose,PlotNumber) VALUES (N'VIS0029',N'Aysel Bozkurt','2024-06-14','11:45:00','12:45:00',N'Dua',N'PLT053');
INSERT INTO VISITOR_LOG (VisitID,VisitorName,VisitDate,ArrivalTime,DepartureTime,Purpose,PlotNumber) VALUES (N'VIS0030',N'Necati Avci','2024-12-23','17:15:00','18:15:00',N'Dua',N'PLT093');
INSERT INTO VISITOR_LOG (VisitID,VisitorName,VisitDate,ArrivalTime,DepartureTime,Purpose,PlotNumber) VALUES (N'VIS0031',N'Yusuf Cetin','2025-08-13','13:45:00','14:45:00',N'Bakim',N'PLT017');
INSERT INTO VISITOR_LOG (VisitID,VisitorName,VisitDate,ArrivalTime,DepartureTime,Purpose,PlotNumber) VALUES (N'VIS0032',N'Riza Sen','2026-04-28','09:00:00','10:00:00',N'Bakim',N'PLT020');
INSERT INTO VISITOR_LOG (VisitID,VisitorName,VisitDate,ArrivalTime,DepartureTime,Purpose,PlotNumber) VALUES (N'VIS0033',N'Fikret Bozkurt','2023-09-18','17:00:00','18:00:00',N'Tören',N'PLT065');
INSERT INTO VISITOR_LOG (VisitID,VisitorName,VisitDate,ArrivalTime,DepartureTime,Purpose,PlotNumber) VALUES (N'VIS0034',N'Nurgul Aydin','2023-07-03','09:00:00','10:00:00',N'Bakim',N'PLT067');
INSERT INTO VISITOR_LOG (VisitID,VisitorName,VisitDate,ArrivalTime,DepartureTime,Purpose,PlotNumber) VALUES (N'VIS0035',N'Huseyin Sen','2025-11-25','14:30:00','15:30:00',N'Dua',N'PLT062');
INSERT INTO VISITOR_LOG (VisitID,VisitorName,VisitDate,ArrivalTime,DepartureTime,Purpose,PlotNumber) VALUES (N'VIS0036',N'Ramazan Aksoy','2024-03-31','14:30:00','15:30:00',N'Anma',N'PLT062');
INSERT INTO VISITOR_LOG (VisitID,VisitorName,VisitDate,ArrivalTime,DepartureTime,Purpose,PlotNumber) VALUES (N'VIS0037',N'Fatma Ozer','2025-10-14','11:00:00','12:00:00',N'Anma',N'PLT025');
INSERT INTO VISITOR_LOG (VisitID,VisitorName,VisitDate,ArrivalTime,DepartureTime,Purpose,PlotNumber) VALUES (N'VIS0038',N'Pinar Ozturk','2026-05-30','08:00:00','09:00:00',N'Ziyaret',N'PLT049');
INSERT INTO VISITOR_LOG (VisitID,VisitorName,VisitDate,ArrivalTime,DepartureTime,Purpose,PlotNumber) VALUES (N'VIS0039',N'Cemile Erdogan','2024-02-04','11:30:00','12:30:00',N'Dua',N'PLT055');
INSERT INTO VISITOR_LOG (VisitID,VisitorName,VisitDate,ArrivalTime,DepartureTime,Purpose,PlotNumber) VALUES (N'VIS0040',N'Volkan Ozer','2025-11-14','17:30:00','18:30:00',N'Tören',N'PLT047');
INSERT INTO VISITOR_LOG (VisitID,VisitorName,VisitDate,ArrivalTime,DepartureTime,Purpose,PlotNumber) VALUES (N'VIS0041',N'Sabahat Aslan','2025-10-24','17:30:00','18:30:00',N'Tören',N'PLT072');
INSERT INTO VISITOR_LOG (VisitID,VisitorName,VisitDate,ArrivalTime,DepartureTime,Purpose,PlotNumber) VALUES (N'VIS0042',N'Fadime Bozkurt','2024-12-01','15:15:00','16:15:00',N'Anma',N'PLT074');
INSERT INTO VISITOR_LOG (VisitID,VisitorName,VisitDate,ArrivalTime,DepartureTime,Purpose,PlotNumber) VALUES (N'VIS0043',N'Recep Ozturk','2024-10-13','13:45:00','14:45:00',N'Bakim',N'PLT090');
INSERT INTO VISITOR_LOG (VisitID,VisitorName,VisitDate,ArrivalTime,DepartureTime,Purpose,PlotNumber) VALUES (N'VIS0044',N'Serkan Avci','2025-09-28','10:00:00','11:00:00',N'Anma',N'PLT071');
INSERT INTO VISITOR_LOG (VisitID,VisitorName,VisitDate,ArrivalTime,DepartureTime,Purpose,PlotNumber) VALUES (N'VIS0045',N'Bekir Yavuz','2023-07-11','17:00:00','18:00:00',N'Ziyaret',N'PLT019');
INSERT INTO VISITOR_LOG (VisitID,VisitorName,VisitDate,ArrivalTime,DepartureTime,Purpose,PlotNumber) VALUES (N'VIS0046',N'Suleyman Celik','2024-12-20','15:45:00','16:45:00',N'Dua',N'PLT048');
INSERT INTO VISITOR_LOG (VisitID,VisitorName,VisitDate,ArrivalTime,DepartureTime,Purpose,PlotNumber) VALUES (N'VIS0047',N'Gulsum Aktas','2026-06-02','09:00:00','10:00:00',N'Anma',N'PLT092');
INSERT INTO VISITOR_LOG (VisitID,VisitorName,VisitDate,ArrivalTime,DepartureTime,Purpose,PlotNumber) VALUES (N'VIS0048',N'Fikret Turk','2025-12-16','17:00:00','18:00:00',N'Ziyaret',N'PLT026');
INSERT INTO VISITOR_LOG (VisitID,VisitorName,VisitDate,ArrivalTime,DepartureTime,Purpose,PlotNumber) VALUES (N'VIS0049',N'Sabri Demir','2026-05-11','16:30:00','17:30:00',N'Tören',N'PLT090');
INSERT INTO VISITOR_LOG (VisitID,VisitorName,VisitDate,ArrivalTime,DepartureTime,Purpose,PlotNumber) VALUES (N'VIS0050',N'Hasan Erdogan','2024-11-01','11:15:00','12:15:00',N'Ziyaret',N'PLT021');
INSERT INTO VISITOR_LOG (VisitID,VisitorName,VisitDate,ArrivalTime,DepartureTime,Purpose,PlotNumber) VALUES (N'VIS0051',N'Naciye Cakir','2025-09-17','09:30:00','10:30:00',N'Bakim',N'PLT076');
INSERT INTO VISITOR_LOG (VisitID,VisitorName,VisitDate,ArrivalTime,DepartureTime,Purpose,PlotNumber) VALUES (N'VIS0052',N'Yusuf Yildiz','2025-02-02','11:00:00','12:00:00',N'Tören',N'PLT075');
INSERT INTO VISITOR_LOG (VisitID,VisitorName,VisitDate,ArrivalTime,DepartureTime,Purpose,PlotNumber) VALUES (N'VIS0053',N'Ayse Cetin','2024-08-02','13:30:00','14:30:00',N'Bakim',N'PLT052');
INSERT INTO VISITOR_LOG (VisitID,VisitorName,VisitDate,ArrivalTime,DepartureTime,Purpose,PlotNumber) VALUES (N'VIS0054',N'Volkan Dogan','2025-10-11','17:00:00','18:00:00',N'Tören',N'PLT014');
INSERT INTO VISITOR_LOG (VisitID,VisitorName,VisitDate,ArrivalTime,DepartureTime,Purpose,PlotNumber) VALUES (N'VIS0055',N'Derya Ozkan','2025-05-27','16:00:00','17:00:00',N'Ziyaret',N'PLT066');
INSERT INTO VISITOR_LOG (VisitID,VisitorName,VisitDate,ArrivalTime,DepartureTime,Purpose,PlotNumber) VALUES (N'VIS0056',N'Nazmiye Yavuz','2026-03-17','12:30:00','13:30:00',N'Dua',N'PLT044');
INSERT INTO VISITOR_LOG (VisitID,VisitorName,VisitDate,ArrivalTime,DepartureTime,Purpose,PlotNumber) VALUES (N'VIS0057',N'Ali Bozkurt','2024-02-24','15:45:00','16:45:00',N'Anma',N'PLT009');
INSERT INTO VISITOR_LOG (VisitID,VisitorName,VisitDate,ArrivalTime,DepartureTime,Purpose,PlotNumber) VALUES (N'VIS0058',N'Baris Polat','2025-10-22','14:15:00','15:15:00',N'Anma',N'PLT067');
INSERT INTO VISITOR_LOG (VisitID,VisitorName,VisitDate,ArrivalTime,DepartureTime,Purpose,PlotNumber) VALUES (N'VIS0059',N'Volkan Kara','2025-02-08','16:00:00','17:00:00',N'Ziyaret',N'PLT052');
INSERT INTO VISITOR_LOG (VisitID,VisitorName,VisitDate,ArrivalTime,DepartureTime,Purpose,PlotNumber) VALUES (N'VIS0060',N'Fikret Bozkurt','2025-04-03','13:00:00','14:00:00',N'Anma',N'PLT028');
INSERT INTO VISITOR_LOG (VisitID,VisitorName,VisitDate,ArrivalTime,DepartureTime,Purpose,PlotNumber) VALUES (N'VIS0061',N'Necati Kilic','2026-04-17','17:30:00','18:30:00',N'Dua',N'PLT031');
INSERT INTO VISITOR_LOG (VisitID,VisitorName,VisitDate,ArrivalTime,DepartureTime,Purpose,PlotNumber) VALUES (N'VIS0062',N'Nuri Cetin','2024-08-19','11:30:00','12:30:00',N'Dua',N'PLT080');
INSERT INTO VISITOR_LOG (VisitID,VisitorName,VisitDate,ArrivalTime,DepartureTime,Purpose,PlotNumber) VALUES (N'VIS0063',N'Omer Ozturk','2023-12-08','13:15:00','14:15:00',N'Bakim',N'PLT079');
INSERT INTO VISITOR_LOG (VisitID,VisitorName,VisitDate,ArrivalTime,DepartureTime,Purpose,PlotNumber) VALUES (N'VIS0064',N'Nurgul Erdogan','2025-04-06','08:00:00','09:00:00',N'Bakim',N'PLT074');
INSERT INTO VISITOR_LOG (VisitID,VisitorName,VisitDate,ArrivalTime,DepartureTime,Purpose,PlotNumber) VALUES (N'VIS0065',N'Necati Avci','2025-01-24','12:45:00','13:45:00',N'Bakim',N'PLT029');
INSERT INTO VISITOR_LOG (VisitID,VisitorName,VisitDate,ArrivalTime,DepartureTime,Purpose,PlotNumber) VALUES (N'VIS0066',N'Ibrahim Sen','2025-11-13','17:15:00','18:15:00',N'Bakim',N'PLT070');
INSERT INTO VISITOR_LOG (VisitID,VisitorName,VisitDate,ArrivalTime,DepartureTime,Purpose,PlotNumber) VALUES (N'VIS0067',N'Sabahat Dogan','2026-01-22','08:30:00','09:30:00',N'Ziyaret',N'PLT090');
INSERT INTO VISITOR_LOG (VisitID,VisitorName,VisitDate,ArrivalTime,DepartureTime,Purpose,PlotNumber) VALUES (N'VIS0068',N'Elif Yilmaz','2023-07-25','16:45:00','17:45:00',N'Dua',N'PLT049');
INSERT INTO VISITOR_LOG (VisitID,VisitorName,VisitDate,ArrivalTime,DepartureTime,Purpose,PlotNumber) VALUES (N'VIS0069',N'Meryem Erdogan','2024-12-13','17:00:00','18:00:00',N'Dua',N'PLT071');
INSERT INTO VISITOR_LOG (VisitID,VisitorName,VisitDate,ArrivalTime,DepartureTime,Purpose,PlotNumber) VALUES (N'VIS0070',N'Erhan Bozkurt','2025-06-02','12:15:00','13:15:00',N'Anma',N'PLT024');
INSERT INTO VISITOR_LOG (VisitID,VisitorName,VisitDate,ArrivalTime,DepartureTime,Purpose,PlotNumber) VALUES (N'VIS0071',N'Nuri Tas','2025-08-01','15:45:00','16:45:00',N'Anma',N'PLT052');
INSERT INTO VISITOR_LOG (VisitID,VisitorName,VisitDate,ArrivalTime,DepartureTime,Purpose,PlotNumber) VALUES (N'VIS0072',N'Necati Aydin','2024-10-11','12:45:00','13:45:00',N'Ziyaret',N'PLT093');
INSERT INTO VISITOR_LOG (VisitID,VisitorName,VisitDate,ArrivalTime,DepartureTime,Purpose,PlotNumber) VALUES (N'VIS0073',N'Feride Yavuz','2024-08-05','12:15:00','13:15:00',N'Dua',N'PLT095');
INSERT INTO VISITOR_LOG (VisitID,VisitorName,VisitDate,ArrivalTime,DepartureTime,Purpose,PlotNumber) VALUES (N'VIS0074',N'Mehmet Dogan','2025-11-10','10:45:00','11:45:00',N'Bakim',N'PLT018');
INSERT INTO VISITOR_LOG (VisitID,VisitorName,VisitDate,ArrivalTime,DepartureTime,Purpose,PlotNumber) VALUES (N'VIS0075',N'Hulya Simsek','2024-11-25','16:30:00','17:30:00',N'Tören',N'PLT073');
INSERT INTO VISITOR_LOG (VisitID,VisitorName,VisitDate,ArrivalTime,DepartureTime,Purpose,PlotNumber) VALUES (N'VIS0076',N'Ramazan Arslan','2023-10-31','08:45:00','09:45:00',N'Dua',N'PLT033');
INSERT INTO VISITOR_LOG (VisitID,VisitorName,VisitDate,ArrivalTime,DepartureTime,Purpose,PlotNumber) VALUES (N'VIS0077',N'Gulten Korkmaz','2024-12-14','15:00:00','16:00:00',N'Anma',N'PLT047');
INSERT INTO VISITOR_LOG (VisitID,VisitorName,VisitDate,ArrivalTime,DepartureTime,Purpose,PlotNumber) VALUES (N'VIS0078',N'Havva Kaya','2025-10-21','16:30:00','17:30:00',N'Ziyaret',N'PLT045');
INSERT INTO VISITOR_LOG (VisitID,VisitorName,VisitDate,ArrivalTime,DepartureTime,Purpose,PlotNumber) VALUES (N'VIS0079',N'Melek Dogan','2025-02-02','17:15:00','18:15:00',N'Anma',N'PLT042');
INSERT INTO VISITOR_LOG (VisitID,VisitorName,VisitDate,ArrivalTime,DepartureTime,Purpose,PlotNumber) VALUES (N'VIS0080',N'Gulten Yildiz','2025-08-19','16:45:00','17:45:00',N'Tören',N'PLT037');
INSERT INTO VISITOR_LOG (VisitID,VisitorName,VisitDate,ArrivalTime,DepartureTime,Purpose,PlotNumber) VALUES (N'VIS0081',N'Cemal Korkmaz','2025-11-10','15:15:00','16:15:00',N'Tören',N'PLT074');
INSERT INTO VISITOR_LOG (VisitID,VisitorName,VisitDate,ArrivalTime,DepartureTime,Purpose,PlotNumber) VALUES (N'VIS0082',N'Kemal Arslan','2025-06-03','14:00:00','15:00:00',N'Dua',N'PLT041');
INSERT INTO VISITOR_LOG (VisitID,VisitorName,VisitDate,ArrivalTime,DepartureTime,Purpose,PlotNumber) VALUES (N'VIS0083',N'Erhan Aktas','2025-01-06','13:30:00','14:30:00',N'Bakim',N'PLT047');
INSERT INTO VISITOR_LOG (VisitID,VisitorName,VisitDate,ArrivalTime,DepartureTime,Purpose,PlotNumber) VALUES (N'VIS0084',N'Cemile Arslan','2024-07-11','17:45:00','18:45:00',N'Ziyaret',N'PLT017');
INSERT INTO VISITOR_LOG (VisitID,VisitorName,VisitDate,ArrivalTime,DepartureTime,Purpose,PlotNumber) VALUES (N'VIS0085',N'Kemal Aslan','2024-06-06','11:30:00','12:30:00',N'Bakim',N'PLT014');
INSERT INTO VISITOR_LOG (VisitID,VisitorName,VisitDate,ArrivalTime,DepartureTime,Purpose,PlotNumber) VALUES (N'VIS0086',N'Aysel Sahin','2023-08-23','09:00:00','10:00:00',N'Bakim',N'PLT068');
INSERT INTO VISITOR_LOG (VisitID,VisitorName,VisitDate,ArrivalTime,DepartureTime,Purpose,PlotNumber) VALUES (N'VIS0087',N'Volkan Ozdemir','2023-12-20','09:00:00','10:00:00',N'Bakim',N'PLT040');
INSERT INTO VISITOR_LOG (VisitID,VisitorName,VisitDate,ArrivalTime,DepartureTime,Purpose,PlotNumber) VALUES (N'VIS0088',N'Fatma Bulut','2024-03-15','11:15:00','12:15:00',N'Dua',N'PLT068');
INSERT INTO VISITOR_LOG (VisitID,VisitorName,VisitDate,ArrivalTime,DepartureTime,Purpose,PlotNumber) VALUES (N'VIS0089',N'Hasan Cakir','2025-04-27','10:00:00','11:00:00',N'Bakim',N'PLT060');
INSERT INTO VISITOR_LOG (VisitID,VisitorName,VisitDate,ArrivalTime,DepartureTime,Purpose,PlotNumber) VALUES (N'VIS0090',N'Nazmiye Aydin','2024-06-27','16:30:00','17:30:00',N'Tören',N'PLT077');
INSERT INTO VISITOR_LOG (VisitID,VisitorName,VisitDate,ArrivalTime,DepartureTime,Purpose,PlotNumber) VALUES (N'VIS0091',N'Selin Ozer','2025-03-26','15:45:00','16:45:00',N'Anma',N'PLT062');
INSERT INTO VISITOR_LOG (VisitID,VisitorName,VisitDate,ArrivalTime,DepartureTime,Purpose,PlotNumber) VALUES (N'VIS0092',N'Suleyman Bulut','2025-03-22','16:15:00','17:15:00',N'Anma',N'PLT053');
INSERT INTO VISITOR_LOG (VisitID,VisitorName,VisitDate,ArrivalTime,DepartureTime,Purpose,PlotNumber) VALUES (N'VIS0093',N'Hatice Yilmaz','2023-07-01','12:15:00','13:15:00',N'Tören',N'PLT018');
INSERT INTO VISITOR_LOG (VisitID,VisitorName,VisitDate,ArrivalTime,DepartureTime,Purpose,PlotNumber) VALUES (N'VIS0094',N'Aysel Ozer','2023-07-18','13:30:00','14:30:00',N'Bakim',N'PLT062');
INSERT INTO VISITOR_LOG (VisitID,VisitorName,VisitDate,ArrivalTime,DepartureTime,Purpose,PlotNumber) VALUES (N'VIS0095',N'Feride Ozkan','2024-10-16','12:00:00','13:00:00',N'Ziyaret',N'PLT071');
INSERT INTO VISITOR_LOG (VisitID,VisitorName,VisitDate,ArrivalTime,DepartureTime,Purpose,PlotNumber) VALUES (N'VIS0096',N'Cemile Aksoy','2025-09-16','13:15:00','14:15:00',N'Dua',N'PLT021');
INSERT INTO VISITOR_LOG (VisitID,VisitorName,VisitDate,ArrivalTime,DepartureTime,Purpose,PlotNumber) VALUES (N'VIS0097',N'Emre Koc','2023-12-10','14:45:00','15:45:00',N'Bakim',N'PLT081');
INSERT INTO VISITOR_LOG (VisitID,VisitorName,VisitDate,ArrivalTime,DepartureTime,Purpose,PlotNumber) VALUES (N'VIS0098',N'Fatma Ozer','2025-01-01','11:30:00','12:30:00',N'Bakim',N'PLT025');
INSERT INTO VISITOR_LOG (VisitID,VisitorName,VisitDate,ArrivalTime,DepartureTime,Purpose,PlotNumber) VALUES (N'VIS0099',N'Recep Ozkan','2024-02-12','09:15:00','10:15:00',N'Bakim',N'PLT080');
INSERT INTO VISITOR_LOG (VisitID,VisitorName,VisitDate,ArrivalTime,DepartureTime,Purpose,PlotNumber) VALUES (N'VIS0100',N'Hulya Kilic','2025-04-17','15:30:00','16:30:00',N'Ziyaret',N'PLT020');
INSERT INTO VISITOR_LOG (VisitID,VisitorName,VisitDate,ArrivalTime,DepartureTime,Purpose,PlotNumber) VALUES (N'VIS0101',N'Necati Yildirim','2025-01-28','08:00:00','09:00:00',N'Anma',N'PLT017');
INSERT INTO VISITOR_LOG (VisitID,VisitorName,VisitDate,ArrivalTime,DepartureTime,Purpose,PlotNumber) VALUES (N'VIS0102',N'Baris Yildiz','2024-05-04','15:00:00','16:00:00',N'Ziyaret',N'PLT064');
INSERT INTO VISITOR_LOG (VisitID,VisitorName,VisitDate,ArrivalTime,DepartureTime,Purpose,PlotNumber) VALUES (N'VIS0103',N'Rukiye Simsek','2026-04-16','11:30:00','12:30:00',N'Anma',N'PLT060');
INSERT INTO VISITOR_LOG (VisitID,VisitorName,VisitDate,ArrivalTime,DepartureTime,Purpose,PlotNumber) VALUES (N'VIS0104',N'Kemal Ozdemir','2023-10-23','08:30:00','09:30:00',N'Anma',N'PLT051');
INSERT INTO VISITOR_LOG (VisitID,VisitorName,VisitDate,ArrivalTime,DepartureTime,Purpose,PlotNumber) VALUES (N'VIS0105',N'Necati Kilic','2024-11-24','09:45:00','10:45:00',N'Bakim',N'PLT002');
INSERT INTO VISITOR_LOG (VisitID,VisitorName,VisitDate,ArrivalTime,DepartureTime,Purpose,PlotNumber) VALUES (N'VIS0106',N'Gulsum Bulut','2024-11-18','09:15:00','10:15:00',N'Ziyaret',N'PLT026');
INSERT INTO VISITOR_LOG (VisitID,VisitorName,VisitDate,ArrivalTime,DepartureTime,Purpose,PlotNumber) VALUES (N'VIS0107',N'Pinar Aslan','2026-02-23','15:00:00','16:00:00',N'Bakim',N'PLT088');
INSERT INTO VISITOR_LOG (VisitID,VisitorName,VisitDate,ArrivalTime,DepartureTime,Purpose,PlotNumber) VALUES (N'VIS0108',N'Bekir Demir','2026-06-01','12:30:00','13:30:00',N'Ziyaret',N'PLT033');
INSERT INTO VISITOR_LOG (VisitID,VisitorName,VisitDate,ArrivalTime,DepartureTime,Purpose,PlotNumber) VALUES (N'VIS0109',N'Riza Erdogan','2023-10-15','15:30:00','16:30:00',N'Dua',N'PLT015');
INSERT INTO VISITOR_LOG (VisitID,VisitorName,VisitDate,ArrivalTime,DepartureTime,Purpose,PlotNumber) VALUES (N'VIS0110',N'Meryem Yilmaz','2024-06-07','11:45:00','12:45:00',N'Anma',N'PLT075');
INSERT INTO VISITOR_LOG (VisitID,VisitorName,VisitDate,ArrivalTime,DepartureTime,Purpose,PlotNumber) VALUES (N'VIS0111',N'Fatih Yilmaz','2023-09-25','09:45:00','10:45:00',N'Tören',N'PLT089');
INSERT INTO VISITOR_LOG (VisitID,VisitorName,VisitDate,ArrivalTime,DepartureTime,Purpose,PlotNumber) VALUES (N'VIS0112',N'Fadime Yildiz','2024-11-21','15:15:00','16:15:00',N'Dua',N'PLT064');
INSERT INTO VISITOR_LOG (VisitID,VisitorName,VisitDate,ArrivalTime,DepartureTime,Purpose,PlotNumber) VALUES (N'VIS0113',N'Osman Sahin','2025-06-28','09:30:00','10:30:00',N'Dua',N'PLT090');
INSERT INTO VISITOR_LOG (VisitID,VisitorName,VisitDate,ArrivalTime,DepartureTime,Purpose,PlotNumber) VALUES (N'VIS0114',N'Yasar Turk','2024-10-19','16:00:00','17:00:00',N'Anma',N'PLT072');
INSERT INTO VISITOR_LOG (VisitID,VisitorName,VisitDate,ArrivalTime,DepartureTime,Purpose,PlotNumber) VALUES (N'VIS0115',N'Sabri Kaya','2025-08-12','13:45:00','14:45:00',N'Anma',N'PLT093');
INSERT INTO VISITOR_LOG (VisitID,VisitorName,VisitDate,ArrivalTime,DepartureTime,Purpose,PlotNumber) VALUES (N'VIS0116',N'Huseyin Turk','2025-12-13','10:30:00','11:30:00',N'Tören',N'PLT038');
INSERT INTO VISITOR_LOG (VisitID,VisitorName,VisitDate,ArrivalTime,DepartureTime,Purpose,PlotNumber) VALUES (N'VIS0117',N'Sabri Dogan','2025-06-12','16:45:00','17:45:00',N'Anma',N'PLT094');
INSERT INTO VISITOR_LOG (VisitID,VisitorName,VisitDate,ArrivalTime,DepartureTime,Purpose,PlotNumber) VALUES (N'VIS0118',N'Bekir Celik','2026-06-22','15:30:00','16:30:00',N'Dua',N'PLT058');
INSERT INTO VISITOR_LOG (VisitID,VisitorName,VisitDate,ArrivalTime,DepartureTime,Purpose,PlotNumber) VALUES (N'VIS0119',N'Kader Erdogan','2026-01-15','12:30:00','13:30:00',N'Ziyaret',N'PLT082');
INSERT INTO VISITOR_LOG (VisitID,VisitorName,VisitDate,ArrivalTime,DepartureTime,Purpose,PlotNumber) VALUES (N'VIS0120',N'Necati Kaya','2025-07-15','16:45:00','17:45:00',N'Tören',N'PLT031');
INSERT INTO VISITOR_LOG (VisitID,VisitorName,VisitDate,ArrivalTime,DepartureTime,Purpose,PlotNumber) VALUES (N'VIS0121',N'Melek Yavuz','2024-07-23','13:00:00','14:00:00',N'Tören',N'PLT088');
INSERT INTO VISITOR_LOG (VisitID,VisitorName,VisitDate,ArrivalTime,DepartureTime,Purpose,PlotNumber) VALUES (N'VIS0122',N'Fatma Polat','2025-10-17','15:15:00','16:15:00',N'Anma',N'PLT015');
INSERT INTO VISITOR_LOG (VisitID,VisitorName,VisitDate,ArrivalTime,DepartureTime,Purpose,PlotNumber) VALUES (N'VIS0123',N'Huseyin Aydin','2024-06-30','09:00:00','10:00:00',N'Ziyaret',N'PLT026');
INSERT INTO VISITOR_LOG (VisitID,VisitorName,VisitDate,ArrivalTime,DepartureTime,Purpose,PlotNumber) VALUES (N'VIS0124',N'Sabri Yildirim','2023-09-04','09:45:00','10:45:00',N'Tören',N'PLT083');
INSERT INTO VISITOR_LOG (VisitID,VisitorName,VisitDate,ArrivalTime,DepartureTime,Purpose,PlotNumber) VALUES (N'VIS0125',N'Selin Koc','2023-10-09','14:45:00','15:45:00',N'Anma',N'PLT029');
INSERT INTO VISITOR_LOG (VisitID,VisitorName,VisitDate,ArrivalTime,DepartureTime,Purpose,PlotNumber) VALUES (N'VIS0126',N'Mehmet Aslan','2026-04-02','17:00:00','18:00:00',N'Ziyaret',N'PLT060');
INSERT INTO VISITOR_LOG (VisitID,VisitorName,VisitDate,ArrivalTime,DepartureTime,Purpose,PlotNumber) VALUES (N'VIS0127',N'Rukiye Erdogan','2023-10-28','08:30:00','09:30:00',N'Tören',N'PLT035');
INSERT INTO VISITOR_LOG (VisitID,VisitorName,VisitDate,ArrivalTime,DepartureTime,Purpose,PlotNumber) VALUES (N'VIS0128',N'Murat Simsek','2023-12-07','16:00:00','17:00:00',N'Dua',N'PLT067');
INSERT INTO VISITOR_LOG (VisitID,VisitorName,VisitDate,ArrivalTime,DepartureTime,Purpose,PlotNumber) VALUES (N'VIS0129',N'Baris Ozer','2025-08-28','09:00:00','10:00:00',N'Dua',N'PLT025');
INSERT INTO VISITOR_LOG (VisitID,VisitorName,VisitDate,ArrivalTime,DepartureTime,Purpose,PlotNumber) VALUES (N'VIS0130',N'Fikret Tas','2024-02-02','16:15:00','17:15:00',N'Tören',N'PLT046');
INSERT INTO VISITOR_LOG (VisitID,VisitorName,VisitDate,ArrivalTime,DepartureTime,Purpose,PlotNumber) VALUES (N'VIS0131',N'Omer Arslan','2024-07-04','15:45:00','16:45:00',N'Tören',N'PLT052');
INSERT INTO VISITOR_LOG (VisitID,VisitorName,VisitDate,ArrivalTime,DepartureTime,Purpose,PlotNumber) VALUES (N'VIS0132',N'Bekir Ozer','2025-12-24','16:30:00','17:30:00',N'Anma',N'PLT041');
INSERT INTO VISITOR_LOG (VisitID,VisitorName,VisitDate,ArrivalTime,DepartureTime,Purpose,PlotNumber) VALUES (N'VIS0133',N'Fadime Tas','2025-11-28','16:30:00','17:30:00',N'Anma',N'PLT078');
INSERT INTO VISITOR_LOG (VisitID,VisitorName,VisitDate,ArrivalTime,DepartureTime,Purpose,PlotNumber) VALUES (N'VIS0134',N'Nurten Koc','2025-07-07','11:15:00','12:15:00',N'Bakim',N'PLT058');
INSERT INTO VISITOR_LOG (VisitID,VisitorName,VisitDate,ArrivalTime,DepartureTime,Purpose,PlotNumber) VALUES (N'VIS0135',N'Hasan Ozkan','2023-08-03','14:00:00','15:00:00',N'Tören',N'PLT018');
INSERT INTO VISITOR_LOG (VisitID,VisitorName,VisitDate,ArrivalTime,DepartureTime,Purpose,PlotNumber) VALUES (N'VIS0136',N'Hatice Cetin','2024-09-12','12:00:00','13:00:00',N'Anma',N'PLT003');
INSERT INTO VISITOR_LOG (VisitID,VisitorName,VisitDate,ArrivalTime,DepartureTime,Purpose,PlotNumber) VALUES (N'VIS0137',N'Ramazan Demir','2026-01-28','12:15:00','13:15:00',N'Anma',N'PLT020');
INSERT INTO VISITOR_LOG (VisitID,VisitorName,VisitDate,ArrivalTime,DepartureTime,Purpose,PlotNumber) VALUES (N'VIS0138',N'Sevim Kara','2024-10-20','10:30:00','11:30:00',N'Anma',N'PLT039');
INSERT INTO VISITOR_LOG (VisitID,VisitorName,VisitDate,ArrivalTime,DepartureTime,Purpose,PlotNumber) VALUES (N'VIS0139',N'Serkan Celik','2025-04-25','09:45:00','10:45:00',N'Bakim',N'PLT023');
INSERT INTO VISITOR_LOG (VisitID,VisitorName,VisitDate,ArrivalTime,DepartureTime,Purpose,PlotNumber) VALUES (N'VIS0140',N'Hatice Demir','2025-08-20','15:00:00','16:00:00',N'Ziyaret',N'PLT008');
INSERT INTO VISITOR_LOG (VisitID,VisitorName,VisitDate,ArrivalTime,DepartureTime,Purpose,PlotNumber) VALUES (N'VIS0141',N'Feride Tas','2024-03-03','13:30:00','14:30:00',N'Dua',N'PLT084');
INSERT INTO VISITOR_LOG (VisitID,VisitorName,VisitDate,ArrivalTime,DepartureTime,Purpose,PlotNumber) VALUES (N'VIS0142',N'Nurten Sahin','2025-03-16','17:00:00','18:00:00',N'Tören',N'PLT006');
INSERT INTO VISITOR_LOG (VisitID,VisitorName,VisitDate,ArrivalTime,DepartureTime,Purpose,PlotNumber) VALUES (N'VIS0143',N'Meryem Avci','2024-09-25','13:15:00','14:15:00',N'Dua',N'PLT007');
INSERT INTO VISITOR_LOG (VisitID,VisitorName,VisitDate,ArrivalTime,DepartureTime,Purpose,PlotNumber) VALUES (N'VIS0144',N'Derya Yildiz','2024-09-27','14:45:00','15:45:00',N'Bakim',N'PLT038');
INSERT INTO VISITOR_LOG (VisitID,VisitorName,VisitDate,ArrivalTime,DepartureTime,Purpose,PlotNumber) VALUES (N'VIS0145',N'Yasar Korkmaz','2023-12-17','14:15:00','15:15:00',N'Bakim',N'PLT074');
INSERT INTO VISITOR_LOG (VisitID,VisitorName,VisitDate,ArrivalTime,DepartureTime,Purpose,PlotNumber) VALUES (N'VIS0146',N'Volkan Yildiz','2025-09-24','08:45:00','09:45:00',N'Tören',N'PLT056');
INSERT INTO VISITOR_LOG (VisitID,VisitorName,VisitDate,ArrivalTime,DepartureTime,Purpose,PlotNumber) VALUES (N'VIS0147',N'Nurgul Kilic','2026-03-26','10:15:00','11:15:00',N'Bakim',N'PLT084');
INSERT INTO VISITOR_LOG (VisitID,VisitorName,VisitDate,ArrivalTime,DepartureTime,Purpose,PlotNumber) VALUES (N'VIS0148',N'Selin Kara','2024-11-08','17:15:00','18:15:00',N'Ziyaret',N'PLT035');
INSERT INTO VISITOR_LOG (VisitID,VisitorName,VisitDate,ArrivalTime,DepartureTime,Purpose,PlotNumber) VALUES (N'VIS0149',N'Suleyman Ozturk','2025-10-25','14:30:00','15:30:00',N'Bakim',N'PLT047');
INSERT INTO VISITOR_LOG (VisitID,VisitorName,VisitDate,ArrivalTime,DepartureTime,Purpose,PlotNumber) VALUES (N'VIS0150',N'Meryem Cakir','2023-08-19','13:15:00','14:15:00',N'Anma',N'PLT022');
INSERT INTO VISITOR_LOG (VisitID,VisitorName,VisitDate,ArrivalTime,DepartureTime,Purpose,PlotNumber) VALUES (N'VIS0151',N'Salih Bulut','2023-09-30','13:45:00','14:45:00',N'Dua',N'PLT026');
INSERT INTO VISITOR_LOG (VisitID,VisitorName,VisitDate,ArrivalTime,DepartureTime,Purpose,PlotNumber) VALUES (N'VIS0152',N'Kemal Ozturk','2023-10-20','13:15:00','14:15:00',N'Dua',N'PLT080');
INSERT INTO VISITOR_LOG (VisitID,VisitorName,VisitDate,ArrivalTime,DepartureTime,Purpose,PlotNumber) VALUES (N'VIS0153',N'Mehmet Korkmaz','2024-02-13','10:30:00','11:30:00',N'Anma',N'PLT058');
INSERT INTO VISITOR_LOG (VisitID,VisitorName,VisitDate,ArrivalTime,DepartureTime,Purpose,PlotNumber) VALUES (N'VIS0154',N'Sultan Aslan','2024-09-06','15:00:00','16:00:00',N'Dua',N'PLT070');
INSERT INTO VISITOR_LOG (VisitID,VisitorName,VisitDate,ArrivalTime,DepartureTime,Purpose,PlotNumber) VALUES (N'VIS0155',N'Nurgul Ozdemir','2023-08-07','16:30:00','17:30:00',N'Bakim',N'PLT075');
INSERT INTO VISITOR_LOG (VisitID,VisitorName,VisitDate,ArrivalTime,DepartureTime,Purpose,PlotNumber) VALUES (N'VIS0156',N'Tolga Arslan','2023-11-01','16:00:00','17:00:00',N'Anma',N'PLT026');
INSERT INTO VISITOR_LOG (VisitID,VisitorName,VisitDate,ArrivalTime,DepartureTime,Purpose,PlotNumber) VALUES (N'VIS0157',N'Ibrahim Gunes','2023-07-18','17:30:00','18:30:00',N'Ziyaret',N'PLT050');
INSERT INTO VISITOR_LOG (VisitID,VisitorName,VisitDate,ArrivalTime,DepartureTime,Purpose,PlotNumber) VALUES (N'VIS0158',N'Omer Kaya','2025-02-19','12:30:00','13:30:00',N'Bakim',N'PLT030');
INSERT INTO VISITOR_LOG (VisitID,VisitorName,VisitDate,ArrivalTime,DepartureTime,Purpose,PlotNumber) VALUES (N'VIS0159',N'Elif Turk','2026-06-23','14:00:00','15:00:00',N'Ziyaret',N'PLT024');
INSERT INTO VISITOR_LOG (VisitID,VisitorName,VisitDate,ArrivalTime,DepartureTime,Purpose,PlotNumber) VALUES (N'VIS0160',N'Mustafa Demir','2024-11-18','11:45:00','12:45:00',N'Tören',N'PLT040');
INSERT INTO VISITOR_LOG (VisitID,VisitorName,VisitDate,ArrivalTime,DepartureTime,Purpose,PlotNumber) VALUES (N'VIS0161',N'Sabahat Arslan','2023-08-07','13:45:00','14:45:00',N'Anma',N'PLT088');
INSERT INTO VISITOR_LOG (VisitID,VisitorName,VisitDate,ArrivalTime,DepartureTime,Purpose,PlotNumber) VALUES (N'VIS0162',N'Hatice Kara','2026-04-22','13:30:00','14:30:00',N'Anma',N'PLT008');
INSERT INTO VISITOR_LOG (VisitID,VisitorName,VisitDate,ArrivalTime,DepartureTime,Purpose,PlotNumber) VALUES (N'VIS0163',N'Ali Kurt','2024-10-04','12:45:00','13:45:00',N'Dua',N'PLT044');
INSERT INTO VISITOR_LOG (VisitID,VisitorName,VisitDate,ArrivalTime,DepartureTime,Purpose,PlotNumber) VALUES (N'VIS0164',N'Suleyman Yavuz','2026-06-01','14:15:00','15:15:00',N'Tören',N'PLT081');
INSERT INTO VISITOR_LOG (VisitID,VisitorName,VisitDate,ArrivalTime,DepartureTime,Purpose,PlotNumber) VALUES (N'VIS0165',N'Cengiz Ozdemir','2025-11-20','11:45:00','12:45:00',N'Anma',N'PLT078');
INSERT INTO VISITOR_LOG (VisitID,VisitorName,VisitDate,ArrivalTime,DepartureTime,Purpose,PlotNumber) VALUES (N'VIS0166',N'Kader Aydin','2024-08-27','13:45:00','14:45:00',N'Dua',N'PLT075');
INSERT INTO VISITOR_LOG (VisitID,VisitorName,VisitDate,ArrivalTime,DepartureTime,Purpose,PlotNumber) VALUES (N'VIS0167',N'Recep Simsek','2026-06-07','16:15:00','17:15:00',N'Dua',N'PLT056');
INSERT INTO VISITOR_LOG (VisitID,VisitorName,VisitDate,ArrivalTime,DepartureTime,Purpose,PlotNumber) VALUES (N'VIS0168',N'Elif Celik','2026-06-26','10:15:00','11:15:00',N'Ziyaret',N'PLT024');
INSERT INTO VISITOR_LOG (VisitID,VisitorName,VisitDate,ArrivalTime,DepartureTime,Purpose,PlotNumber) VALUES (N'VIS0169',N'Ali Polat','2025-10-25','13:15:00','14:15:00',N'Bakim',N'PLT039');
INSERT INTO VISITOR_LOG (VisitID,VisitorName,VisitDate,ArrivalTime,DepartureTime,Purpose,PlotNumber) VALUES (N'VIS0170',N'Kadir Kilic','2024-02-04','15:30:00','16:30:00',N'Dua',N'PLT024');
INSERT INTO VISITOR_LOG (VisitID,VisitorName,VisitDate,ArrivalTime,DepartureTime,Purpose,PlotNumber) VALUES (N'VIS0171',N'Baris Cetin','2024-10-15','08:30:00','09:30:00',N'Ziyaret',N'PLT046');
INSERT INTO VISITOR_LOG (VisitID,VisitorName,VisitDate,ArrivalTime,DepartureTime,Purpose,PlotNumber) VALUES (N'VIS0172',N'Recep Avci','2026-02-15','09:45:00','10:45:00',N'Anma',N'PLT024');
INSERT INTO VISITOR_LOG (VisitID,VisitorName,VisitDate,ArrivalTime,DepartureTime,Purpose,PlotNumber) VALUES (N'VIS0173',N'Aysel Aydin','2024-05-31','14:45:00','15:45:00',N'Dua',N'PLT029');
INSERT INTO VISITOR_LOG (VisitID,VisitorName,VisitDate,ArrivalTime,DepartureTime,Purpose,PlotNumber) VALUES (N'VIS0174',N'Mehmet Kurt','2025-10-23','08:45:00','09:45:00',N'Dua',N'PLT086');
INSERT INTO VISITOR_LOG (VisitID,VisitorName,VisitDate,ArrivalTime,DepartureTime,Purpose,PlotNumber) VALUES (N'VIS0175',N'Yusuf Dogan','2025-12-16','11:15:00','12:15:00',N'Tören',N'PLT063');
INSERT INTO VISITOR_LOG (VisitID,VisitorName,VisitDate,ArrivalTime,DepartureTime,Purpose,PlotNumber) VALUES (N'VIS0176',N'Fatih Aksoy','2025-10-07','13:45:00','14:45:00',N'Ziyaret',N'PLT078');
INSERT INTO VISITOR_LOG (VisitID,VisitorName,VisitDate,ArrivalTime,DepartureTime,Purpose,PlotNumber) VALUES (N'VIS0177',N'Sabahat Ozer','2026-06-10','14:30:00','15:30:00',N'Ziyaret',N'PLT067');
INSERT INTO VISITOR_LOG (VisitID,VisitorName,VisitDate,ArrivalTime,DepartureTime,Purpose,PlotNumber) VALUES (N'VIS0178',N'Yildiz Demir','2024-11-15','09:45:00','10:45:00',N'Tören',N'PLT069');
INSERT INTO VISITOR_LOG (VisitID,VisitorName,VisitDate,ArrivalTime,DepartureTime,Purpose,PlotNumber) VALUES (N'VIS0179',N'Gulsum Sen','2023-10-09','14:00:00','15:00:00',N'Dua',N'PLT038');
INSERT INTO VISITOR_LOG (VisitID,VisitorName,VisitDate,ArrivalTime,DepartureTime,Purpose,PlotNumber) VALUES (N'VIS0180',N'Hatice Ozkan','2026-01-30','15:45:00','16:45:00',N'Dua',N'PLT055');
INSERT INTO VISITOR_LOG (VisitID,VisitorName,VisitDate,ArrivalTime,DepartureTime,Purpose,PlotNumber) VALUES (N'VIS0181',N'Pinar Ozdemir','2026-02-04','12:00:00','13:00:00',N'Bakim',N'PLT012');
INSERT INTO VISITOR_LOG (VisitID,VisitorName,VisitDate,ArrivalTime,DepartureTime,Purpose,PlotNumber) VALUES (N'VIS0182',N'Necati Ozer','2024-04-03','16:00:00','17:00:00',N'Bakim',N'PLT053');
INSERT INTO VISITOR_LOG (VisitID,VisitorName,VisitDate,ArrivalTime,DepartureTime,Purpose,PlotNumber) VALUES (N'VIS0183',N'Ali Dogan','2026-01-15','13:45:00','14:45:00',N'Tören',N'PLT092');
INSERT INTO VISITOR_LOG (VisitID,VisitorName,VisitDate,ArrivalTime,DepartureTime,Purpose,PlotNumber) VALUES (N'VIS0184',N'Suleyman Koc','2025-04-24','11:45:00','12:45:00',N'Dua',N'PLT092');
INSERT INTO VISITOR_LOG (VisitID,VisitorName,VisitDate,ArrivalTime,DepartureTime,Purpose,PlotNumber) VALUES (N'VIS0185',N'Halil Bulut','2025-07-13','09:00:00','10:00:00',N'Ziyaret',N'PLT068');
INSERT INTO VISITOR_LOG (VisitID,VisitorName,VisitDate,ArrivalTime,DepartureTime,Purpose,PlotNumber) VALUES (N'VIS0186',N'Nurten Yavuz','2023-09-28','14:15:00','15:15:00',N'Dua',N'PLT043');
INSERT INTO VISITOR_LOG (VisitID,VisitorName,VisitDate,ArrivalTime,DepartureTime,Purpose,PlotNumber) VALUES (N'VIS0187',N'Bekir Ozdemir','2024-07-01','17:15:00','18:15:00',N'Ziyaret',N'PLT054');
INSERT INTO VISITOR_LOG (VisitID,VisitorName,VisitDate,ArrivalTime,DepartureTime,Purpose,PlotNumber) VALUES (N'VIS0188',N'Gulten Ozkan','2024-07-05','12:30:00','13:30:00',N'Ziyaret',N'PLT017');
INSERT INTO VISITOR_LOG (VisitID,VisitorName,VisitDate,ArrivalTime,DepartureTime,Purpose,PlotNumber) VALUES (N'VIS0189',N'Tolga Yilmaz','2026-01-25','11:00:00','12:00:00',N'Bakim',N'PLT064');
INSERT INTO VISITOR_LOG (VisitID,VisitorName,VisitDate,ArrivalTime,DepartureTime,Purpose,PlotNumber) VALUES (N'VIS0190',N'Sevda Kara','2024-09-17','16:00:00','17:00:00',N'Tören',N'PLT085');
INSERT INTO VISITOR_LOG (VisitID,VisitorName,VisitDate,ArrivalTime,DepartureTime,Purpose,PlotNumber) VALUES (N'VIS0191',N'Cemile Bulut','2023-12-10','15:45:00','16:45:00',N'Tören',N'PLT077');
INSERT INTO VISITOR_LOG (VisitID,VisitorName,VisitDate,ArrivalTime,DepartureTime,Purpose,PlotNumber) VALUES (N'VIS0192',N'Ayse Aslan','2023-10-09','08:15:00','09:15:00',N'Dua',N'PLT019');
INSERT INTO VISITOR_LOG (VisitID,VisitorName,VisitDate,ArrivalTime,DepartureTime,Purpose,PlotNumber) VALUES (N'VIS0193',N'Hasan Ozdemir','2023-09-05','08:30:00','09:30:00',N'Tören',N'PLT078');
INSERT INTO VISITOR_LOG (VisitID,VisitorName,VisitDate,ArrivalTime,DepartureTime,Purpose,PlotNumber) VALUES (N'VIS0194',N'Suleyman Sahin','2024-02-09','12:30:00','13:30:00',N'Bakim',N'PLT023');
INSERT INTO VISITOR_LOG (VisitID,VisitorName,VisitDate,ArrivalTime,DepartureTime,Purpose,PlotNumber) VALUES (N'VIS0195',N'Fikret Gunes','2025-07-07','10:30:00','11:30:00',N'Ziyaret',N'PLT012');
INSERT INTO VISITOR_LOG (VisitID,VisitorName,VisitDate,ArrivalTime,DepartureTime,Purpose,PlotNumber) VALUES (N'VIS0196',N'Fadime Yavuz','2023-11-16','12:30:00','13:30:00',N'Bakim',N'PLT071');
INSERT INTO VISITOR_LOG (VisitID,VisitorName,VisitDate,ArrivalTime,DepartureTime,Purpose,PlotNumber) VALUES (N'VIS0197',N'Aysel Aydin','2024-03-06','09:30:00','10:30:00',N'Anma',N'PLT043');
INSERT INTO VISITOR_LOG (VisitID,VisitorName,VisitDate,ArrivalTime,DepartureTime,Purpose,PlotNumber) VALUES (N'VIS0198',N'Selin Aslan','2024-09-01','16:45:00','17:45:00',N'Tören',N'PLT008');
INSERT INTO VISITOR_LOG (VisitID,VisitorName,VisitDate,ArrivalTime,DepartureTime,Purpose,PlotNumber) VALUES (N'VIS0199',N'Nurgul Ozkan','2025-11-21','09:00:00','10:00:00',N'Tören',N'PLT041');
INSERT INTO VISITOR_LOG (VisitID,VisitorName,VisitDate,ArrivalTime,DepartureTime,Purpose,PlotNumber) VALUES (N'VIS0200',N'Yasar Turk','2026-05-30','12:30:00','13:30:00',N'Bakim',N'PLT064');
INSERT INTO VISITOR_LOG (VisitID,VisitorName,VisitDate,ArrivalTime,DepartureTime,Purpose,PlotNumber) VALUES (N'VIS0201',N'Emine Kilic','2023-07-04','10:15:00','11:15:00',N'Ziyaret',N'PLT004');
INSERT INTO VISITOR_LOG (VisitID,VisitorName,VisitDate,ArrivalTime,DepartureTime,Purpose,PlotNumber) VALUES (N'VIS0202',N'Nuri Tas','2025-10-25','15:00:00','16:00:00',N'Ziyaret',N'PLT043');
INSERT INTO VISITOR_LOG (VisitID,VisitorName,VisitDate,ArrivalTime,DepartureTime,Purpose,PlotNumber) VALUES (N'VIS0203',N'Mehmet Kilic','2025-01-27','13:15:00','14:15:00',N'Anma',N'PLT009');
INSERT INTO VISITOR_LOG (VisitID,VisitorName,VisitDate,ArrivalTime,DepartureTime,Purpose,PlotNumber) VALUES (N'VIS0204',N'Derya Polat','2023-07-13','12:30:00','13:30:00',N'Ziyaret',N'PLT088');
INSERT INTO VISITOR_LOG (VisitID,VisitorName,VisitDate,ArrivalTime,DepartureTime,Purpose,PlotNumber) VALUES (N'VIS0205',N'Sabahat Kaya','2024-06-24','13:30:00','14:30:00',N'Dua',N'PLT043');
INSERT INTO VISITOR_LOG (VisitID,VisitorName,VisitDate,ArrivalTime,DepartureTime,Purpose,PlotNumber) VALUES (N'VIS0206',N'Aysel Demir','2024-04-04','13:45:00','14:45:00',N'Bakim',N'PLT020');
INSERT INTO VISITOR_LOG (VisitID,VisitorName,VisitDate,ArrivalTime,DepartureTime,Purpose,PlotNumber) VALUES (N'VIS0207',N'Sevgi Tas','2023-10-23','15:30:00','16:30:00',N'Tören',N'PLT039');
INSERT INTO VISITOR_LOG (VisitID,VisitorName,VisitDate,ArrivalTime,DepartureTime,Purpose,PlotNumber) VALUES (N'VIS0208',N'Melek Kaya','2024-08-30','17:30:00','18:30:00',N'Tören',N'PLT088');
INSERT INTO VISITOR_LOG (VisitID,VisitorName,VisitDate,ArrivalTime,DepartureTime,Purpose,PlotNumber) VALUES (N'VIS0209',N'Yusuf Ozdemir','2025-01-25','13:30:00','14:30:00',N'Ziyaret',N'PLT044');
INSERT INTO VISITOR_LOG (VisitID,VisitorName,VisitDate,ArrivalTime,DepartureTime,Purpose,PlotNumber) VALUES (N'VIS0210',N'Gulsum Dogan','2024-02-25','14:15:00','15:15:00',N'Anma',N'PLT091');
INSERT INTO VISITOR_LOG (VisitID,VisitorName,VisitDate,ArrivalTime,DepartureTime,Purpose,PlotNumber) VALUES (N'VIS0211',N'Erhan Tas','2023-12-25','13:00:00','14:00:00',N'Bakim',N'PLT031');
INSERT INTO VISITOR_LOG (VisitID,VisitorName,VisitDate,ArrivalTime,DepartureTime,Purpose,PlotNumber) VALUES (N'VIS0212',N'Hatice Aslan','2026-06-10','13:45:00','14:45:00',N'Anma',N'PLT023');
INSERT INTO VISITOR_LOG (VisitID,VisitorName,VisitDate,ArrivalTime,DepartureTime,Purpose,PlotNumber) VALUES (N'VIS0213',N'Hasan Kilic','2024-01-06','09:30:00','10:30:00',N'Bakim',N'PLT065');
INSERT INTO VISITOR_LOG (VisitID,VisitorName,VisitDate,ArrivalTime,DepartureTime,Purpose,PlotNumber) VALUES (N'VIS0214',N'Derya Ozdemir','2024-07-24','08:45:00','09:45:00',N'Anma',N'PLT062');
INSERT INTO VISITOR_LOG (VisitID,VisitorName,VisitDate,ArrivalTime,DepartureTime,Purpose,PlotNumber) VALUES (N'VIS0215',N'Meryem Ozdemir','2024-01-18','16:30:00','17:30:00',N'Tören',N'PLT087');
INSERT INTO VISITOR_LOG (VisitID,VisitorName,VisitDate,ArrivalTime,DepartureTime,Purpose,PlotNumber) VALUES (N'VIS0216',N'Hasan Gunes','2025-09-01','10:15:00','11:15:00',N'Tören',N'PLT015');
INSERT INTO VISITOR_LOG (VisitID,VisitorName,VisitDate,ArrivalTime,DepartureTime,Purpose,PlotNumber) VALUES (N'VIS0217',N'Huseyin Yildiz','2025-05-13','08:30:00','09:30:00',N'Bakim',N'PLT006');
INSERT INTO VISITOR_LOG (VisitID,VisitorName,VisitDate,ArrivalTime,DepartureTime,Purpose,PlotNumber) VALUES (N'VIS0218',N'Mustafa Simsek','2024-09-02','09:30:00','10:30:00',N'Anma',N'PLT026');
INSERT INTO VISITOR_LOG (VisitID,VisitorName,VisitDate,ArrivalTime,DepartureTime,Purpose,PlotNumber) VALUES (N'VIS0219',N'Ayse Ozer','2025-04-14','11:30:00','12:30:00',N'Bakim',N'PLT086');
INSERT INTO VISITOR_LOG (VisitID,VisitorName,VisitDate,ArrivalTime,DepartureTime,Purpose,PlotNumber) VALUES (N'VIS0220',N'Kadir Arslan','2025-01-11','09:30:00','10:30:00',N'Ziyaret',N'PLT002');
GO
-- ===== MAINTENANCE_LOG =====
INSERT INTO MAINTENANCE_LOG (PlotNumber,LogNo,LogDate,TaskDescription,HoursSpent,Cost,EmployeeID) VALUES (N'PLT132',N'L001','2024-01-26',N'Onarim',4.8,1225,N'EMP006');
INSERT INTO MAINTENANCE_LOG (PlotNumber,LogNo,LogDate,TaskDescription,HoursSpent,Cost,EmployeeID) VALUES (N'PLT070',N'L001','2024-04-15',N'Genel Bakim',5.0,450,N'EMP002');
INSERT INTO MAINTENANCE_LOG (PlotNumber,LogNo,LogDate,TaskDescription,HoursSpent,Cost,EmployeeID) VALUES (N'PLT080',N'L001','2025-05-24',N'Mezar Tas Onarimi',1.4,159,N'EMP008');
INSERT INTO MAINTENANCE_LOG (PlotNumber,LogNo,LogDate,TaskDescription,HoursSpent,Cost,EmployeeID) VALUES (N'PLT013',N'L001','2024-02-02',N'Yaprak Toplama',1.4,973,N'EMP007');
INSERT INTO MAINTENANCE_LOG (PlotNumber,LogNo,LogDate,TaskDescription,HoursSpent,Cost,EmployeeID) VALUES (N'PLT046',N'L001','2025-12-30',N'Sulama',3.2,505,N'EMP012');
INSERT INTO MAINTENANCE_LOG (PlotNumber,LogNo,LogDate,TaskDescription,HoursSpent,Cost,EmployeeID) VALUES (N'PLT021',N'L001','2026-02-08',N'Boyama',1.7,1059,N'EMP002');
INSERT INTO MAINTENANCE_LOG (PlotNumber,LogNo,LogDate,TaskDescription,HoursSpent,Cost,EmployeeID) VALUES (N'PLT117',N'L001','2025-03-27',N'Mezar Tas Onarimi',4.3,558,N'EMP003');
INSERT INTO MAINTENANCE_LOG (PlotNumber,LogNo,LogDate,TaskDescription,HoursSpent,Cost,EmployeeID) VALUES (N'PLT067',N'L001','2025-07-14',N'Yaprak Toplama',2.3,1462,N'EMP006');
INSERT INTO MAINTENANCE_LOG (PlotNumber,LogNo,LogDate,TaskDescription,HoursSpent,Cost,EmployeeID) VALUES (N'PLT084',N'L001','2026-01-14',N'Mezar Tas Onarimi',1.2,1073,N'EMP002');
INSERT INTO MAINTENANCE_LOG (PlotNumber,LogNo,LogDate,TaskDescription,HoursSpent,Cost,EmployeeID) VALUES (N'PLT090',N'L001','2026-03-07',N'Mezar Tas Onarimi',6.9,678,N'EMP013');
INSERT INTO MAINTENANCE_LOG (PlotNumber,LogNo,LogDate,TaskDescription,HoursSpent,Cost,EmployeeID) VALUES (N'PLT090',N'L002','2024-03-17',N'Tas Temizligi',3.8,319,N'EMP006');
INSERT INTO MAINTENANCE_LOG (PlotNumber,LogNo,LogDate,TaskDescription,HoursSpent,Cost,EmployeeID) VALUES (N'PLT019',N'L001','2025-03-10',N'Mezar Tas Onarimi',3.8,946,N'EMP004');
INSERT INTO MAINTENANCE_LOG (PlotNumber,LogNo,LogDate,TaskDescription,HoursSpent,Cost,EmployeeID) VALUES (N'PLT063',N'L001','2024-05-21',N'Mezar Tas Onarimi',3.7,797,N'EMP004');
INSERT INTO MAINTENANCE_LOG (PlotNumber,LogNo,LogDate,TaskDescription,HoursSpent,Cost,EmployeeID) VALUES (N'PLT111',N'L001','2025-12-08',N'Sulama',4.8,583,N'EMP003');
INSERT INTO MAINTENANCE_LOG (PlotNumber,LogNo,LogDate,TaskDescription,HoursSpent,Cost,EmployeeID) VALUES (N'PLT020',N'L001','2026-03-23',N'Tas Temizligi',5.1,1048,N'EMP006');
INSERT INTO MAINTENANCE_LOG (PlotNumber,LogNo,LogDate,TaskDescription,HoursSpent,Cost,EmployeeID) VALUES (N'PLT025',N'L001','2025-12-28',N'Boyama',3.2,931,N'EMP002');
INSERT INTO MAINTENANCE_LOG (PlotNumber,LogNo,LogDate,TaskDescription,HoursSpent,Cost,EmployeeID) VALUES (N'PLT028',N'L001','2025-08-15',N'Sulama',4.5,1452,N'EMP001');
INSERT INTO MAINTENANCE_LOG (PlotNumber,LogNo,LogDate,TaskDescription,HoursSpent,Cost,EmployeeID) VALUES (N'PLT024',N'L001','2024-09-18',N'Boyama',7.2,1402,N'EMP013');
INSERT INTO MAINTENANCE_LOG (PlotNumber,LogNo,LogDate,TaskDescription,HoursSpent,Cost,EmployeeID) VALUES (N'PLT001',N'L001','2024-04-26',N'Boyama',4.2,696,N'EMP007');
INSERT INTO MAINTENANCE_LOG (PlotNumber,LogNo,LogDate,TaskDescription,HoursSpent,Cost,EmployeeID) VALUES (N'PLT115',N'L001','2024-08-04',N'Onarim',5.8,748,N'EMP005');
INSERT INTO MAINTENANCE_LOG (PlotNumber,LogNo,LogDate,TaskDescription,HoursSpent,Cost,EmployeeID) VALUES (N'PLT078',N'L001','2025-12-07',N'Sulama',7.9,1293,N'EMP001');
INSERT INTO MAINTENANCE_LOG (PlotNumber,LogNo,LogDate,TaskDescription,HoursSpent,Cost,EmployeeID) VALUES (N'PLT131',N'L001','2025-10-05',N'Boyama',7.0,227,N'EMP006');
INSERT INTO MAINTENANCE_LOG (PlotNumber,LogNo,LogDate,TaskDescription,HoursSpent,Cost,EmployeeID) VALUES (N'PLT014',N'L001','2023-07-02',N'Sulama',1.8,677,N'EMP014');
INSERT INTO MAINTENANCE_LOG (PlotNumber,LogNo,LogDate,TaskDescription,HoursSpent,Cost,EmployeeID) VALUES (N'PLT008',N'L001','2024-10-24',N'Yaprak Toplama',5.9,907,N'EMP011');
INSERT INTO MAINTENANCE_LOG (PlotNumber,LogNo,LogDate,TaskDescription,HoursSpent,Cost,EmployeeID) VALUES (N'PLT082',N'L001','2025-08-22',N'Yaprak Toplama',3.7,1216,N'EMP004');
INSERT INTO MAINTENANCE_LOG (PlotNumber,LogNo,LogDate,TaskDescription,HoursSpent,Cost,EmployeeID) VALUES (N'PLT045',N'L001','2026-02-27',N'Boyama',2.3,887,N'EMP014');
INSERT INTO MAINTENANCE_LOG (PlotNumber,LogNo,LogDate,TaskDescription,HoursSpent,Cost,EmployeeID) VALUES (N'PLT093',N'L001','2025-11-01',N'Boyama',3.0,1472,N'EMP003');
INSERT INTO MAINTENANCE_LOG (PlotNumber,LogNo,LogDate,TaskDescription,HoursSpent,Cost,EmployeeID) VALUES (N'PLT035',N'L001','2023-07-24',N'Tas Temizligi',5.5,394,N'EMP012');
INSERT INTO MAINTENANCE_LOG (PlotNumber,LogNo,LogDate,TaskDescription,HoursSpent,Cost,EmployeeID) VALUES (N'PLT125',N'L001','2025-12-11',N'Boyama',1.6,1415,N'EMP013');
INSERT INTO MAINTENANCE_LOG (PlotNumber,LogNo,LogDate,TaskDescription,HoursSpent,Cost,EmployeeID) VALUES (N'PLT107',N'L001','2026-01-19',N'Yaprak Toplama',5.4,1030,N'EMP009');
INSERT INTO MAINTENANCE_LOG (PlotNumber,LogNo,LogDate,TaskDescription,HoursSpent,Cost,EmployeeID) VALUES (N'PLT109',N'L001','2026-01-07',N'Yaprak Toplama',3.5,480,N'EMP007');
INSERT INTO MAINTENANCE_LOG (PlotNumber,LogNo,LogDate,TaskDescription,HoursSpent,Cost,EmployeeID) VALUES (N'PLT002',N'L001','2026-04-16',N'Onarim',6.0,651,N'EMP007');
INSERT INTO MAINTENANCE_LOG (PlotNumber,LogNo,LogDate,TaskDescription,HoursSpent,Cost,EmployeeID) VALUES (N'PLT094',N'L001','2023-09-07',N'Cim Bicme',5.0,854,N'EMP002');
INSERT INTO MAINTENANCE_LOG (PlotNumber,LogNo,LogDate,TaskDescription,HoursSpent,Cost,EmployeeID) VALUES (N'PLT124',N'L001','2023-12-11',N'Boyama',6.1,1178,N'EMP014');
INSERT INTO MAINTENANCE_LOG (PlotNumber,LogNo,LogDate,TaskDescription,HoursSpent,Cost,EmployeeID) VALUES (N'PLT072',N'L001','2026-02-07',N'Tas Temizligi',4.7,1349,N'EMP002');
INSERT INTO MAINTENANCE_LOG (PlotNumber,LogNo,LogDate,TaskDescription,HoursSpent,Cost,EmployeeID) VALUES (N'PLT063',N'L002','2026-02-22',N'Tas Temizligi',5.8,1204,N'EMP013');
INSERT INTO MAINTENANCE_LOG (PlotNumber,LogNo,LogDate,TaskDescription,HoursSpent,Cost,EmployeeID) VALUES (N'PLT080',N'L002','2023-10-17',N'Sulama',4.7,122,N'EMP008');
INSERT INTO MAINTENANCE_LOG (PlotNumber,LogNo,LogDate,TaskDescription,HoursSpent,Cost,EmployeeID) VALUES (N'PLT117',N'L002','2026-05-15',N'Mezar Tas Onarimi',5.0,778,N'EMP007');
INSERT INTO MAINTENANCE_LOG (PlotNumber,LogNo,LogDate,TaskDescription,HoursSpent,Cost,EmployeeID) VALUES (N'PLT091',N'L001','2025-02-23',N'Genel Bakim',2.2,1323,N'EMP012');
INSERT INTO MAINTENANCE_LOG (PlotNumber,LogNo,LogDate,TaskDescription,HoursSpent,Cost,EmployeeID) VALUES (N'PLT078',N'L002','2024-12-15',N'Cim Bicme',5.4,1284,N'EMP003');
INSERT INTO MAINTENANCE_LOG (PlotNumber,LogNo,LogDate,TaskDescription,HoursSpent,Cost,EmployeeID) VALUES (N'PLT014',N'L002','2025-02-17',N'Cim Bicme',3.0,268,N'EMP003');
INSERT INTO MAINTENANCE_LOG (PlotNumber,LogNo,LogDate,TaskDescription,HoursSpent,Cost,EmployeeID) VALUES (N'PLT130',N'L001','2023-12-05',N'Genel Bakim',2.8,1361,N'EMP005');
INSERT INTO MAINTENANCE_LOG (PlotNumber,LogNo,LogDate,TaskDescription,HoursSpent,Cost,EmployeeID) VALUES (N'PLT071',N'L001','2024-12-08',N'Cim Bicme',6.2,1336,N'EMP003');
INSERT INTO MAINTENANCE_LOG (PlotNumber,LogNo,LogDate,TaskDescription,HoursSpent,Cost,EmployeeID) VALUES (N'PLT039',N'L001','2025-12-31',N'Sulama',6.7,635,N'EMP013');
INSERT INTO MAINTENANCE_LOG (PlotNumber,LogNo,LogDate,TaskDescription,HoursSpent,Cost,EmployeeID) VALUES (N'PLT061',N'L001','2026-03-20',N'Boyama',6.6,167,N'EMP006');
INSERT INTO MAINTENANCE_LOG (PlotNumber,LogNo,LogDate,TaskDescription,HoursSpent,Cost,EmployeeID) VALUES (N'PLT022',N'L001','2024-04-23',N'Boyama',6.9,945,N'EMP013');
INSERT INTO MAINTENANCE_LOG (PlotNumber,LogNo,LogDate,TaskDescription,HoursSpent,Cost,EmployeeID) VALUES (N'PLT099',N'L001','2024-10-30',N'Mezar Tas Onarimi',6.1,442,N'EMP004');
INSERT INTO MAINTENANCE_LOG (PlotNumber,LogNo,LogDate,TaskDescription,HoursSpent,Cost,EmployeeID) VALUES (N'PLT089',N'L001','2023-10-20',N'Genel Bakim',6.3,337,N'EMP001');
INSERT INTO MAINTENANCE_LOG (PlotNumber,LogNo,LogDate,TaskDescription,HoursSpent,Cost,EmployeeID) VALUES (N'PLT043',N'L001','2026-02-05',N'Yaprak Toplama',4.3,1075,N'EMP012');
INSERT INTO MAINTENANCE_LOG (PlotNumber,LogNo,LogDate,TaskDescription,HoursSpent,Cost,EmployeeID) VALUES (N'PLT060',N'L001','2025-08-16',N'Yaprak Toplama',4.3,397,N'EMP009');
INSERT INTO MAINTENANCE_LOG (PlotNumber,LogNo,LogDate,TaskDescription,HoursSpent,Cost,EmployeeID) VALUES (N'PLT112',N'L001','2023-07-25',N'Genel Bakim',7.5,1019,N'EMP007');
INSERT INTO MAINTENANCE_LOG (PlotNumber,LogNo,LogDate,TaskDescription,HoursSpent,Cost,EmployeeID) VALUES (N'PLT081',N'L001','2026-06-20',N'Cim Bicme',1.7,1188,N'EMP011');
INSERT INTO MAINTENANCE_LOG (PlotNumber,LogNo,LogDate,TaskDescription,HoursSpent,Cost,EmployeeID) VALUES (N'PLT091',N'L002','2025-12-01',N'Genel Bakim',3.3,646,N'EMP013');
INSERT INTO MAINTENANCE_LOG (PlotNumber,LogNo,LogDate,TaskDescription,HoursSpent,Cost,EmployeeID) VALUES (N'PLT026',N'L001','2024-12-04',N'Yaprak Toplama',4.2,1482,N'EMP012');
INSERT INTO MAINTENANCE_LOG (PlotNumber,LogNo,LogDate,TaskDescription,HoursSpent,Cost,EmployeeID) VALUES (N'PLT062',N'L001','2024-08-03',N'Sulama',5.7,468,N'EMP006');
INSERT INTO MAINTENANCE_LOG (PlotNumber,LogNo,LogDate,TaskDescription,HoursSpent,Cost,EmployeeID) VALUES (N'PLT003',N'L001','2023-07-18',N'Tas Temizligi',1.1,300,N'EMP009');
INSERT INTO MAINTENANCE_LOG (PlotNumber,LogNo,LogDate,TaskDescription,HoursSpent,Cost,EmployeeID) VALUES (N'PLT027',N'L001','2025-12-30',N'Sulama',2.5,680,N'EMP005');
INSERT INTO MAINTENANCE_LOG (PlotNumber,LogNo,LogDate,TaskDescription,HoursSpent,Cost,EmployeeID) VALUES (N'PLT050',N'L001','2023-09-08',N'Cim Bicme',5.3,216,N'EMP010');
INSERT INTO MAINTENANCE_LOG (PlotNumber,LogNo,LogDate,TaskDescription,HoursSpent,Cost,EmployeeID) VALUES (N'PLT056',N'L001','2024-03-06',N'Tas Temizligi',1.6,1338,N'EMP003');
INSERT INTO MAINTENANCE_LOG (PlotNumber,LogNo,LogDate,TaskDescription,HoursSpent,Cost,EmployeeID) VALUES (N'PLT097',N'L001','2024-07-13',N'Tas Temizligi',5.9,618,N'EMP005');
INSERT INTO MAINTENANCE_LOG (PlotNumber,LogNo,LogDate,TaskDescription,HoursSpent,Cost,EmployeeID) VALUES (N'PLT120',N'L001','2023-12-03',N'Mezar Tas Onarimi',7.5,666,N'EMP013');
INSERT INTO MAINTENANCE_LOG (PlotNumber,LogNo,LogDate,TaskDescription,HoursSpent,Cost,EmployeeID) VALUES (N'PLT110',N'L001','2025-04-23',N'Genel Bakim',2.1,251,N'EMP005');
INSERT INTO MAINTENANCE_LOG (PlotNumber,LogNo,LogDate,TaskDescription,HoursSpent,Cost,EmployeeID) VALUES (N'PLT016',N'L001','2025-08-22',N'Yaprak Toplama',3.3,223,N'EMP005');
INSERT INTO MAINTENANCE_LOG (PlotNumber,LogNo,LogDate,TaskDescription,HoursSpent,Cost,EmployeeID) VALUES (N'PLT068',N'L001','2024-06-29',N'Mezar Tas Onarimi',1.5,510,N'EMP010');
INSERT INTO MAINTENANCE_LOG (PlotNumber,LogNo,LogDate,TaskDescription,HoursSpent,Cost,EmployeeID) VALUES (N'PLT101',N'L001','2024-06-30',N'Mezar Tas Onarimi',1.8,1207,N'EMP013');
INSERT INTO MAINTENANCE_LOG (PlotNumber,LogNo,LogDate,TaskDescription,HoursSpent,Cost,EmployeeID) VALUES (N'PLT111',N'L002','2024-09-20',N'Tas Temizligi',7.4,630,N'EMP002');
INSERT INTO MAINTENANCE_LOG (PlotNumber,LogNo,LogDate,TaskDescription,HoursSpent,Cost,EmployeeID) VALUES (N'PLT009',N'L001','2023-11-27',N'Tas Temizligi',5.0,613,N'EMP013');
INSERT INTO MAINTENANCE_LOG (PlotNumber,LogNo,LogDate,TaskDescription,HoursSpent,Cost,EmployeeID) VALUES (N'PLT115',N'L002','2023-08-08',N'Mezar Tas Onarimi',2.0,1411,N'EMP001');
INSERT INTO MAINTENANCE_LOG (PlotNumber,LogNo,LogDate,TaskDescription,HoursSpent,Cost,EmployeeID) VALUES (N'PLT010',N'L001','2025-09-07',N'Genel Bakim',2.1,775,N'EMP015');
INSERT INTO MAINTENANCE_LOG (PlotNumber,LogNo,LogDate,TaskDescription,HoursSpent,Cost,EmployeeID) VALUES (N'PLT101',N'L002','2023-07-08',N'Mezar Tas Onarimi',4.3,927,N'EMP014');
INSERT INTO MAINTENANCE_LOG (PlotNumber,LogNo,LogDate,TaskDescription,HoursSpent,Cost,EmployeeID) VALUES (N'PLT018',N'L001','2024-10-05',N'Cim Bicme',3.7,1087,N'EMP002');
INSERT INTO MAINTENANCE_LOG (PlotNumber,LogNo,LogDate,TaskDescription,HoursSpent,Cost,EmployeeID) VALUES (N'PLT092',N'L001','2025-05-13',N'Genel Bakim',3.8,1394,N'EMP011');
INSERT INTO MAINTENANCE_LOG (PlotNumber,LogNo,LogDate,TaskDescription,HoursSpent,Cost,EmployeeID) VALUES (N'PLT024',N'L002','2025-07-18',N'Sulama',1.6,1041,N'EMP013');
INSERT INTO MAINTENANCE_LOG (PlotNumber,LogNo,LogDate,TaskDescription,HoursSpent,Cost,EmployeeID) VALUES (N'PLT075',N'L001','2024-08-19',N'Boyama',4.9,886,N'EMP011');
INSERT INTO MAINTENANCE_LOG (PlotNumber,LogNo,LogDate,TaskDescription,HoursSpent,Cost,EmployeeID) VALUES (N'PLT049',N'L001','2025-03-04',N'Yaprak Toplama',7.3,1391,N'EMP012');
INSERT INTO MAINTENANCE_LOG (PlotNumber,LogNo,LogDate,TaskDescription,HoursSpent,Cost,EmployeeID) VALUES (N'PLT092',N'L002','2026-03-23',N'Tas Temizligi',7.2,996,N'EMP012');
INSERT INTO MAINTENANCE_LOG (PlotNumber,LogNo,LogDate,TaskDescription,HoursSpent,Cost,EmployeeID) VALUES (N'PLT049',N'L002','2024-04-12',N'Cim Bicme',2.4,1314,N'EMP004');
INSERT INTO MAINTENANCE_LOG (PlotNumber,LogNo,LogDate,TaskDescription,HoursSpent,Cost,EmployeeID) VALUES (N'PLT126',N'L001','2025-09-04',N'Tas Temizligi',6.5,1417,N'EMP005');
INSERT INTO MAINTENANCE_LOG (PlotNumber,LogNo,LogDate,TaskDescription,HoursSpent,Cost,EmployeeID) VALUES (N'PLT128',N'L001','2026-06-28',N'Mezar Tas Onarimi',7.8,133,N'EMP001');
INSERT INTO MAINTENANCE_LOG (PlotNumber,LogNo,LogDate,TaskDescription,HoursSpent,Cost,EmployeeID) VALUES (N'PLT087',N'L001','2023-10-23',N'Sulama',6.5,187,N'EMP007');
INSERT INTO MAINTENANCE_LOG (PlotNumber,LogNo,LogDate,TaskDescription,HoursSpent,Cost,EmployeeID) VALUES (N'PLT031',N'L001','2024-09-06',N'Mezar Tas Onarimi',7.6,1198,N'EMP003');
INSERT INTO MAINTENANCE_LOG (PlotNumber,LogNo,LogDate,TaskDescription,HoursSpent,Cost,EmployeeID) VALUES (N'PLT060',N'L002','2023-11-25',N'Cim Bicme',6.1,1101,N'EMP011');
INSERT INTO MAINTENANCE_LOG (PlotNumber,LogNo,LogDate,TaskDescription,HoursSpent,Cost,EmployeeID) VALUES (N'PLT005',N'L001','2026-02-20',N'Cim Bicme',2.7,1428,N'EMP003');
INSERT INTO MAINTENANCE_LOG (PlotNumber,LogNo,LogDate,TaskDescription,HoursSpent,Cost,EmployeeID) VALUES (N'PLT004',N'L001','2024-06-17',N'Cim Bicme',7.3,299,N'EMP008');
INSERT INTO MAINTENANCE_LOG (PlotNumber,LogNo,LogDate,TaskDescription,HoursSpent,Cost,EmployeeID) VALUES (N'PLT044',N'L001','2023-11-08',N'Tas Temizligi',1.8,1318,N'EMP013');
INSERT INTO MAINTENANCE_LOG (PlotNumber,LogNo,LogDate,TaskDescription,HoursSpent,Cost,EmployeeID) VALUES (N'PLT057',N'L001','2023-11-07',N'Onarim',4.0,1489,N'EMP007');
INSERT INTO MAINTENANCE_LOG (PlotNumber,LogNo,LogDate,TaskDescription,HoursSpent,Cost,EmployeeID) VALUES (N'PLT084',N'L002','2024-03-04',N'Boyama',3.3,536,N'EMP013');
INSERT INTO MAINTENANCE_LOG (PlotNumber,LogNo,LogDate,TaskDescription,HoursSpent,Cost,EmployeeID) VALUES (N'PLT012',N'L001','2024-06-20',N'Sulama',1.4,660,N'EMP003');
INSERT INTO MAINTENANCE_LOG (PlotNumber,LogNo,LogDate,TaskDescription,HoursSpent,Cost,EmployeeID) VALUES (N'PLT107',N'L002','2024-06-09',N'Sulama',4.9,998,N'EMP004');
INSERT INTO MAINTENANCE_LOG (PlotNumber,LogNo,LogDate,TaskDescription,HoursSpent,Cost,EmployeeID) VALUES (N'PLT011',N'L001','2024-03-30',N'Tas Temizligi',6.5,1394,N'EMP010');
INSERT INTO MAINTENANCE_LOG (PlotNumber,LogNo,LogDate,TaskDescription,HoursSpent,Cost,EmployeeID) VALUES (N'PLT097',N'L002','2024-05-19',N'Cim Bicme',7.2,265,N'EMP001');
INSERT INTO MAINTENANCE_LOG (PlotNumber,LogNo,LogDate,TaskDescription,HoursSpent,Cost,EmployeeID) VALUES (N'PLT002',N'L002','2024-07-02',N'Tas Temizligi',5.9,1315,N'EMP015');
INSERT INTO MAINTENANCE_LOG (PlotNumber,LogNo,LogDate,TaskDescription,HoursSpent,Cost,EmployeeID) VALUES (N'PLT073',N'L001','2025-10-30',N'Mezar Tas Onarimi',5.8,522,N'EMP003');
INSERT INTO MAINTENANCE_LOG (PlotNumber,LogNo,LogDate,TaskDescription,HoursSpent,Cost,EmployeeID) VALUES (N'PLT070',N'L002','2026-06-06',N'Mezar Tas Onarimi',3.9,457,N'EMP010');
INSERT INTO MAINTENANCE_LOG (PlotNumber,LogNo,LogDate,TaskDescription,HoursSpent,Cost,EmployeeID) VALUES (N'PLT010',N'L002','2024-07-03',N'Mezar Tas Onarimi',5.3,280,N'EMP011');
INSERT INTO MAINTENANCE_LOG (PlotNumber,LogNo,LogDate,TaskDescription,HoursSpent,Cost,EmployeeID) VALUES (N'PLT078',N'L003','2025-06-12',N'Yaprak Toplama',1.0,582,N'EMP004');
INSERT INTO MAINTENANCE_LOG (PlotNumber,LogNo,LogDate,TaskDescription,HoursSpent,Cost,EmployeeID) VALUES (N'PLT031',N'L002','2026-06-20',N'Tas Temizligi',5.3,1205,N'EMP009');
INSERT INTO MAINTENANCE_LOG (PlotNumber,LogNo,LogDate,TaskDescription,HoursSpent,Cost,EmployeeID) VALUES (N'PLT057',N'L002','2026-02-05',N'Onarim',2.9,496,N'EMP002');
INSERT INTO MAINTENANCE_LOG (PlotNumber,LogNo,LogDate,TaskDescription,HoursSpent,Cost,EmployeeID) VALUES (N'PLT039',N'L002','2026-02-26',N'Mezar Tas Onarimi',2.2,1472,N'EMP015');
INSERT INTO MAINTENANCE_LOG (PlotNumber,LogNo,LogDate,TaskDescription,HoursSpent,Cost,EmployeeID) VALUES (N'PLT012',N'L002','2023-10-19',N'Sulama',3.0,990,N'EMP005');
INSERT INTO MAINTENANCE_LOG (PlotNumber,LogNo,LogDate,TaskDescription,HoursSpent,Cost,EmployeeID) VALUES (N'PLT086',N'L001','2026-01-14',N'Cim Bicme',1.7,207,N'EMP015');
INSERT INTO MAINTENANCE_LOG (PlotNumber,LogNo,LogDate,TaskDescription,HoursSpent,Cost,EmployeeID) VALUES (N'PLT046',N'L002','2024-05-19',N'Cim Bicme',4.4,337,N'EMP002');
INSERT INTO MAINTENANCE_LOG (PlotNumber,LogNo,LogDate,TaskDescription,HoursSpent,Cost,EmployeeID) VALUES (N'PLT061',N'L002','2025-12-27',N'Sulama',3.9,1486,N'EMP015');
INSERT INTO MAINTENANCE_LOG (PlotNumber,LogNo,LogDate,TaskDescription,HoursSpent,Cost,EmployeeID) VALUES (N'PLT084',N'L003','2024-10-14',N'Tas Temizligi',3.3,300,N'EMP004');
INSERT INTO MAINTENANCE_LOG (PlotNumber,LogNo,LogDate,TaskDescription,HoursSpent,Cost,EmployeeID) VALUES (N'PLT106',N'L001','2024-08-13',N'Yaprak Toplama',7.2,250,N'EMP008');
INSERT INTO MAINTENANCE_LOG (PlotNumber,LogNo,LogDate,TaskDescription,HoursSpent,Cost,EmployeeID) VALUES (N'PLT125',N'L002','2023-10-20',N'Yaprak Toplama',2.0,1348,N'EMP008');
INSERT INTO MAINTENANCE_LOG (PlotNumber,LogNo,LogDate,TaskDescription,HoursSpent,Cost,EmployeeID) VALUES (N'PLT046',N'L003','2025-09-01',N'Sulama',2.0,497,N'EMP011');
INSERT INTO MAINTENANCE_LOG (PlotNumber,LogNo,LogDate,TaskDescription,HoursSpent,Cost,EmployeeID) VALUES (N'PLT092',N'L003','2025-01-03',N'Onarim',3.4,165,N'EMP012');
INSERT INTO MAINTENANCE_LOG (PlotNumber,LogNo,LogDate,TaskDescription,HoursSpent,Cost,EmployeeID) VALUES (N'PLT016',N'L002','2025-01-25',N'Boyama',1.8,1053,N'EMP008');
INSERT INTO MAINTENANCE_LOG (PlotNumber,LogNo,LogDate,TaskDescription,HoursSpent,Cost,EmployeeID) VALUES (N'PLT108',N'L001','2024-06-15',N'Sulama',2.5,704,N'EMP010');
INSERT INTO MAINTENANCE_LOG (PlotNumber,LogNo,LogDate,TaskDescription,HoursSpent,Cost,EmployeeID) VALUES (N'PLT041',N'L001','2024-06-13',N'Onarim',1.6,1168,N'EMP008');
INSERT INTO MAINTENANCE_LOG (PlotNumber,LogNo,LogDate,TaskDescription,HoursSpent,Cost,EmployeeID) VALUES (N'PLT056',N'L002','2026-02-24',N'Mezar Tas Onarimi',3.0,976,N'EMP012');
INSERT INTO MAINTENANCE_LOG (PlotNumber,LogNo,LogDate,TaskDescription,HoursSpent,Cost,EmployeeID) VALUES (N'PLT064',N'L001','2024-11-19',N'Sulama',4.0,555,N'EMP015');
INSERT INTO MAINTENANCE_LOG (PlotNumber,LogNo,LogDate,TaskDescription,HoursSpent,Cost,EmployeeID) VALUES (N'PLT039',N'L003','2023-07-11',N'Yaprak Toplama',7.9,182,N'EMP008');
INSERT INTO MAINTENANCE_LOG (PlotNumber,LogNo,LogDate,TaskDescription,HoursSpent,Cost,EmployeeID) VALUES (N'PLT130',N'L002','2023-09-07',N'Yaprak Toplama',4.7,1081,N'EMP013');
INSERT INTO MAINTENANCE_LOG (PlotNumber,LogNo,LogDate,TaskDescription,HoursSpent,Cost,EmployeeID) VALUES (N'PLT026',N'L002','2026-01-12',N'Mezar Tas Onarimi',2.7,1243,N'EMP013');
INSERT INTO MAINTENANCE_LOG (PlotNumber,LogNo,LogDate,TaskDescription,HoursSpent,Cost,EmployeeID) VALUES (N'PLT004',N'L002','2025-10-10',N'Onarim',1.9,705,N'EMP004');
INSERT INTO MAINTENANCE_LOG (PlotNumber,LogNo,LogDate,TaskDescription,HoursSpent,Cost,EmployeeID) VALUES (N'PLT024',N'L003','2023-08-02',N'Mezar Tas Onarimi',5.7,431,N'EMP012');
INSERT INTO MAINTENANCE_LOG (PlotNumber,LogNo,LogDate,TaskDescription,HoursSpent,Cost,EmployeeID) VALUES (N'PLT118',N'L001','2023-08-19',N'Mezar Tas Onarimi',4.2,383,N'EMP014');
INSERT INTO MAINTENANCE_LOG (PlotNumber,LogNo,LogDate,TaskDescription,HoursSpent,Cost,EmployeeID) VALUES (N'PLT104',N'L001','2024-07-13',N'Sulama',5.4,1397,N'EMP001');
INSERT INTO MAINTENANCE_LOG (PlotNumber,LogNo,LogDate,TaskDescription,HoursSpent,Cost,EmployeeID) VALUES (N'PLT019',N'L002','2025-08-27',N'Sulama',4.7,707,N'EMP007');
INSERT INTO MAINTENANCE_LOG (PlotNumber,LogNo,LogDate,TaskDescription,HoursSpent,Cost,EmployeeID) VALUES (N'PLT070',N'L003','2024-08-28',N'Tas Temizligi',5.3,787,N'EMP012');
INSERT INTO MAINTENANCE_LOG (PlotNumber,LogNo,LogDate,TaskDescription,HoursSpent,Cost,EmployeeID) VALUES (N'PLT015',N'L001','2026-05-20',N'Sulama',7.2,327,N'EMP007');
INSERT INTO MAINTENANCE_LOG (PlotNumber,LogNo,LogDate,TaskDescription,HoursSpent,Cost,EmployeeID) VALUES (N'PLT094',N'L002','2026-02-08',N'Cim Bicme',3.6,458,N'EMP011');
INSERT INTO MAINTENANCE_LOG (PlotNumber,LogNo,LogDate,TaskDescription,HoursSpent,Cost,EmployeeID) VALUES (N'PLT018',N'L002','2024-08-23',N'Boyama',7.9,588,N'EMP009');
INSERT INTO MAINTENANCE_LOG (PlotNumber,LogNo,LogDate,TaskDescription,HoursSpent,Cost,EmployeeID) VALUES (N'PLT030',N'L001','2026-03-06',N'Onarim',6.3,561,N'EMP006');
INSERT INTO MAINTENANCE_LOG (PlotNumber,LogNo,LogDate,TaskDescription,HoursSpent,Cost,EmployeeID) VALUES (N'PLT091',N'L003','2024-12-29',N'Yaprak Toplama',2.9,229,N'EMP006');
INSERT INTO MAINTENANCE_LOG (PlotNumber,LogNo,LogDate,TaskDescription,HoursSpent,Cost,EmployeeID) VALUES (N'PLT089',N'L002','2026-01-12',N'Mezar Tas Onarimi',4.5,351,N'EMP008');
INSERT INTO MAINTENANCE_LOG (PlotNumber,LogNo,LogDate,TaskDescription,HoursSpent,Cost,EmployeeID) VALUES (N'PLT075',N'L002','2026-01-11',N'Sulama',6.6,234,N'EMP004');
INSERT INTO MAINTENANCE_LOG (PlotNumber,LogNo,LogDate,TaskDescription,HoursSpent,Cost,EmployeeID) VALUES (N'PLT118',N'L002','2023-12-26',N'Tas Temizligi',3.7,466,N'EMP005');
INSERT INTO MAINTENANCE_LOG (PlotNumber,LogNo,LogDate,TaskDescription,HoursSpent,Cost,EmployeeID) VALUES (N'PLT020',N'L002','2024-02-09',N'Boyama',2.9,403,N'EMP008');
INSERT INTO MAINTENANCE_LOG (PlotNumber,LogNo,LogDate,TaskDescription,HoursSpent,Cost,EmployeeID) VALUES (N'PLT039',N'L004','2024-08-22',N'Cim Bicme',3.1,1497,N'EMP009');
INSERT INTO MAINTENANCE_LOG (PlotNumber,LogNo,LogDate,TaskDescription,HoursSpent,Cost,EmployeeID) VALUES (N'PLT034',N'L001','2026-02-25',N'Sulama',3.9,1420,N'EMP001');
INSERT INTO MAINTENANCE_LOG (PlotNumber,LogNo,LogDate,TaskDescription,HoursSpent,Cost,EmployeeID) VALUES (N'PLT075',N'L003','2024-07-22',N'Tas Temizligi',1.2,575,N'EMP014');
INSERT INTO MAINTENANCE_LOG (PlotNumber,LogNo,LogDate,TaskDescription,HoursSpent,Cost,EmployeeID) VALUES (N'PLT086',N'L002','2025-10-21',N'Sulama',5.6,768,N'EMP008');
INSERT INTO MAINTENANCE_LOG (PlotNumber,LogNo,LogDate,TaskDescription,HoursSpent,Cost,EmployeeID) VALUES (N'PLT114',N'L001','2026-01-23',N'Genel Bakim',5.0,727,N'EMP003');
INSERT INTO MAINTENANCE_LOG (PlotNumber,LogNo,LogDate,TaskDescription,HoursSpent,Cost,EmployeeID) VALUES (N'PLT067',N'L002','2024-10-07',N'Mezar Tas Onarimi',3.6,690,N'EMP013');
INSERT INTO MAINTENANCE_LOG (PlotNumber,LogNo,LogDate,TaskDescription,HoursSpent,Cost,EmployeeID) VALUES (N'PLT013',N'L002','2024-04-29',N'Sulama',3.0,440,N'EMP010');
INSERT INTO MAINTENANCE_LOG (PlotNumber,LogNo,LogDate,TaskDescription,HoursSpent,Cost,EmployeeID) VALUES (N'PLT042',N'L001','2025-02-04',N'Boyama',7.8,1464,N'EMP013');
INSERT INTO MAINTENANCE_LOG (PlotNumber,LogNo,LogDate,TaskDescription,HoursSpent,Cost,EmployeeID) VALUES (N'PLT040',N'L001','2024-05-26',N'Onarim',1.8,748,N'EMP010');
INSERT INTO MAINTENANCE_LOG (PlotNumber,LogNo,LogDate,TaskDescription,HoursSpent,Cost,EmployeeID) VALUES (N'PLT033',N'L001','2025-12-19',N'Genel Bakim',3.6,520,N'EMP009');
INSERT INTO MAINTENANCE_LOG (PlotNumber,LogNo,LogDate,TaskDescription,HoursSpent,Cost,EmployeeID) VALUES (N'PLT009',N'L002','2025-04-10',N'Sulama',2.0,1018,N'EMP009');
INSERT INTO MAINTENANCE_LOG (PlotNumber,LogNo,LogDate,TaskDescription,HoursSpent,Cost,EmployeeID) VALUES (N'PLT042',N'L002','2026-06-27',N'Genel Bakim',1.9,151,N'EMP007');
INSERT INTO MAINTENANCE_LOG (PlotNumber,LogNo,LogDate,TaskDescription,HoursSpent,Cost,EmployeeID) VALUES (N'PLT128',N'L002','2024-04-23',N'Mezar Tas Onarimi',7.5,419,N'EMP001');
INSERT INTO MAINTENANCE_LOG (PlotNumber,LogNo,LogDate,TaskDescription,HoursSpent,Cost,EmployeeID) VALUES (N'PLT130',N'L003','2025-05-09',N'Genel Bakim',4.3,693,N'EMP013');
INSERT INTO MAINTENANCE_LOG (PlotNumber,LogNo,LogDate,TaskDescription,HoursSpent,Cost,EmployeeID) VALUES (N'PLT038',N'L001','2025-12-22',N'Sulama',5.8,1080,N'EMP015');
INSERT INTO MAINTENANCE_LOG (PlotNumber,LogNo,LogDate,TaskDescription,HoursSpent,Cost,EmployeeID) VALUES (N'PLT011',N'L002','2024-04-11',N'Tas Temizligi',3.2,922,N'EMP010');
INSERT INTO MAINTENANCE_LOG (PlotNumber,LogNo,LogDate,TaskDescription,HoursSpent,Cost,EmployeeID) VALUES (N'PLT057',N'L003','2025-12-30',N'Sulama',1.6,212,N'EMP010');
INSERT INTO MAINTENANCE_LOG (PlotNumber,LogNo,LogDate,TaskDescription,HoursSpent,Cost,EmployeeID) VALUES (N'PLT050',N'L002','2026-06-13',N'Onarim',6.5,669,N'EMP004');
INSERT INTO MAINTENANCE_LOG (PlotNumber,LogNo,LogDate,TaskDescription,HoursSpent,Cost,EmployeeID) VALUES (N'PLT006',N'L001','2023-12-19',N'Mezar Tas Onarimi',5.7,278,N'EMP009');
INSERT INTO MAINTENANCE_LOG (PlotNumber,LogNo,LogDate,TaskDescription,HoursSpent,Cost,EmployeeID) VALUES (N'PLT101',N'L003','2024-08-02',N'Mezar Tas Onarimi',3.2,1339,N'EMP009');
INSERT INTO MAINTENANCE_LOG (PlotNumber,LogNo,LogDate,TaskDescription,HoursSpent,Cost,EmployeeID) VALUES (N'PLT015',N'L002','2025-07-09',N'Yaprak Toplama',2.0,975,N'EMP006');
INSERT INTO MAINTENANCE_LOG (PlotNumber,LogNo,LogDate,TaskDescription,HoursSpent,Cost,EmployeeID) VALUES (N'PLT099',N'L002','2025-08-02',N'Cim Bicme',3.0,819,N'EMP005');
INSERT INTO MAINTENANCE_LOG (PlotNumber,LogNo,LogDate,TaskDescription,HoursSpent,Cost,EmployeeID) VALUES (N'PLT115',N'L003','2023-12-27',N'Onarim',6.1,1009,N'EMP012');
INSERT INTO MAINTENANCE_LOG (PlotNumber,LogNo,LogDate,TaskDescription,HoursSpent,Cost,EmployeeID) VALUES (N'PLT107',N'L003','2025-12-23',N'Genel Bakim',2.1,968,N'EMP012');
INSERT INTO MAINTENANCE_LOG (PlotNumber,LogNo,LogDate,TaskDescription,HoursSpent,Cost,EmployeeID) VALUES (N'PLT107',N'L004','2024-04-11',N'Tas Temizligi',2.0,721,N'EMP008');
INSERT INTO MAINTENANCE_LOG (PlotNumber,LogNo,LogDate,TaskDescription,HoursSpent,Cost,EmployeeID) VALUES (N'PLT086',N'L003','2023-11-13',N'Yaprak Toplama',1.6,938,N'EMP011');
INSERT INTO MAINTENANCE_LOG (PlotNumber,LogNo,LogDate,TaskDescription,HoursSpent,Cost,EmployeeID) VALUES (N'PLT070',N'L004','2025-10-26',N'Boyama',4.9,1263,N'EMP013');
INSERT INTO MAINTENANCE_LOG (PlotNumber,LogNo,LogDate,TaskDescription,HoursSpent,Cost,EmployeeID) VALUES (N'PLT036',N'L001','2024-08-12',N'Boyama',6.8,692,N'EMP009');
INSERT INTO MAINTENANCE_LOG (PlotNumber,LogNo,LogDate,TaskDescription,HoursSpent,Cost,EmployeeID) VALUES (N'PLT126',N'L002','2023-09-25',N'Genel Bakim',6.8,722,N'EMP008');
GO
-- ===== Bolge doluluk oranlarini gercek sayilarla guncelle =====
UPDATE z SET CurrentOccupancy = (SELECT COUNT(*) FROM GRAVE_PLOT g WHERE g.ZoneID=z.ZoneID AND g.Status='Occupied') FROM CEMETERY_ZONE z;
GO
SELECT (SELECT COUNT(*) FROM PERSON) AS Kisi,(SELECT COUNT(*) FROM DECEASED_PERSON) AS Vefat,(SELECT COUNT(*) FROM GRAVE_PLOT) AS Parsel,(SELECT COUNT(*) FROM PAYMENT) AS Odeme,(SELECT COUNT(*) FROM VISITOR_LOG) AS Ziyaret,(SELECT COUNT(*) FROM MAINTENANCE_LOG) AS Bakim;
GO